Job Name,Job Execute ID,Job Log ID,Start time,End time,Execution Time (seconds)
mProject,ID0000039,15,1700363280,1700363505,225.0
mProject,ID0000041,16,1700363280,1700363505,225.0
mProject,ID0000020,17,1700363280,1700363670,390.0
mProject,ID0000022,18,1700363280,1700363670,390.0
mProject,ID0000001,19,1700363280,1700363915,635.0
mProject,ID0000003,20,1700363280,1700363940,660.0
mProject,ID0000040,21,1700363290,1700364150,860.0
mProject,ID0000042,22,1700363290,1700364175,885.0
mProject,ID0000021,23,1700363290,1700364320,1030.0
mProject,ID0000023,24,1700363290,1700364395,1105.0
mProject,ID0000002,25,1700363290,1700364565,1275.0
mProject,ID0000004,26,1700363290,1700364771,1481.0
mDiffFit,ID0000044,27,1700363510,1700363685,175.0
mDiffFit,ID0000025,28,1700363675,1700363695,20.0
mDiffFit,ID0000006,29,1700363945,1700364160,215.0
mDiffFit,ID0000046,30,1700364155,1700364190,35.0
mDiffFit,ID0000043,31,1700364155,1700364200,45.0
mDiffFit,ID0000048,32,1700364180,1700364210,30.0
mDiffFit,ID0000047,33,1700364180,1700364220,40.0
mDiffFit,ID0000045,34,1700364180,1700364230,50.0
mConcatFit,ID0000049,35,1700364235,1700364325,90.0
mDiffFit,ID0000027,37,1700364325,1700364405,80.0
mDiffFit,ID0000024,38,1700364325,1700364420,95.0
mBgModel,ID0000050,39,1700364330,1700364400,70.0
mDiffFit,ID0000029,40,1700364400,1700364470,70.0
mDiffFit,ID0000028,41,1700364400,1700364480,80.0
mDiffFit,ID0000026,42,1700364400,1700364530,130.0
mBackground,ID0000054,43,1700364405,1700364430,25.0
mBackground,ID0000053,44,1700364405,1700364440,35.0
mBackground,ID0000052,45,1700364405,1700364450,45.0
mBackground,ID0000051,46,1700364405,1700364460,55.0
mImgtbl,ID0000055,47,1700364465,1700364490,25.0
mAdd,ID0000056,48,1700364495,1700364520,25.0
mViewer,ID0000057,49,1700364525,1700364585,60.0
mConcatFit,ID0000030,50,1700364535,1700364585,50.0
mDiffFit,ID0000008,51,1700364570,1700364600,30.0
mDiffFit,ID0000005,52,1700364570,1700364615,45.0
mBgModel,ID0000031,53,1700364590,1700364600,10.0
mBackground,ID0000035,54,1700364605,1700364625,20.0
mBackground,ID0000034,55,1700364605,1700364635,30.0
mBackground,ID0000033,56,1700364605,1700364645,40.0
mBackground,ID0000032,57,1700364605,1700364655,50.0
mImgtbl,ID0000036,58,1700364660,1700364675,15.0
mAdd,ID0000037,59,1700364680,1700364705,25.0
mViewer,ID0000038,60,1700364710,1700364726,16.0
mDiffFit,ID0000009,63,1700364776,1700364796,20.0
mDiffFit,ID0000007,64,1700364776,1700364796,20.0
mDiffFit,ID0000010,65,1700364776,1700364806,30.0
mConcatFit,ID0000011,67,1700364811,1700364821,10.0
mBgModel,ID0000012,69,1700364826,1700364836,10.0
mBackground,ID0000013,71,1700364841,1700364861,20.0
mBackground,ID0000016,72,1700364841,1700364871,30.0
mBackground,ID0000015,73,1700364841,1700364876,35.0
mBackground,ID0000014,74,1700364841,1700364886,45.0
mImgtbl,ID0000017,78,1700364891,1700364906,15.0
mAdd,ID0000018,80,1700364911,1700364936,25.0
mViewer,ID0000019,82,1700364941,1700364956,15.0
mViewer,ID0000058,83,1700364941,1700364956,15.0
