timestamp,description,server,switch,master,T1,T2,p1,p2,p3,p4,p5,p6,p7,p8,p9,p10,p11,p12,p13,p14,p15,p16,p17,p18,p19,p20
1724849404,,5.347003,21.06536,9.151621,29.68178,27.73596
1724849405,,6.991396,21.23949,9.604117,29.82814,27.59699
1724849406,,2.796558,21.23949,8.169116,30.1035,28.16585
1724849407,,4.042378,20.95636,7.932023,29.79171,28.23423,0,0,0,0,0,0,0,0,0,0,0,0,0
1724849408,,0,20.82432,8.086389,29.85467,27.86984,0,0,0,0,0,0,0,0,0,0,0,0,0
1724849409,,4.454464,20.88605,8.084025,29.90564,27.86287,0,0,0,0,0,0,0,0,0,0,0,0,0
1724849410,,0,21.13297,8.074575,30.07277,28.01487,0,0,0,0,0,0,0,0,0,0,0,0,0
1724849411,,0,21.21371,8.087541,30.08301,28.0558,0,0,0,0,0,0,0,0,0,0,0,0,0,0,0,0,0,0,0,0
1724849412,,4.164048,21.19891,8.0917,29.93493,28.18359,0,0,0,0,0,0,0,0,0,0,0,0,0,0,0,0,0,0,0,0
1724849413,,0,21.18412,8.082495,29.96325,27.94053,0,0,0,0,0,0,0,0,0,0,0,0,0,0,0,0,0,0,0,0
1724849414,,2.985473,20.85317,8.045673,30.18567,28.23026,0,0,0,0,0,0,0,0,0,0,0,0,0,0,0,0,0,0,0,0
1724849415,,1.592253,20.87181,7.786827,30.13466,28.18914,0,0,0,0,0,0,0,0,0,0,0,0,0,0,0,0,0,0,0,0
1724849416,,0,20.88423,7.99518,30.09481,28.49359,0,0,0,0,0,0,0,0,0,0,0,0,0,0,0,0,0,0,0,0
1724849417,,3.948738,20.98756,8.000294,30.451,28.59211,0,0,0,0,0,0,0,0,0,0,0,0,0,0,0,0,0,0,0,0
1724849418,,0,20.93785,8.020751,30.10758,28.34341,0,0,0,0,0,0,0,0,0,0,0,0,0,0,0,0,0,0,0,0
1724849419,,0.799154,20.92543,8.027402,30.1367,28.23159,0,0,0,0,0,0,0,0,0,0,0,0,0,0,0,0,0,0,0,0
1724849420,,3.995769,21.08678,8.35113,29.98533,28.23398,0,0,0,0,0,0,0,0,0,0,0,0,0,0,0,0,0,0,0,0
1724849421,,0,20.95877,8.2813,30.09065,28.4818,0,0,0,0,0,0,0,0,0,0,0,0,0,0,0,0,0,0,0,0
1724849422,,2.449092,20.95877,8.00198,30.03694,28.51113,0,0,0,0,0,0,0,0,0,0,0,0,0,0,0,0,0,0,0,0
1724849423,,1.632728,20.88783,8.244548,30.07109,28.42801,0,0,0,0,0,0,0,0,0,0,0,0,0,0,0,0,0,0,0,0
1724849424,,0,20.94578,8.109982,29.96644,28.63918,0,0,0,0,0,0,0,0,0,0,0,0,0,0,0,0,0,0,0,0
1724849425,,4.173918,20.94578,8.172905,30.14689,28.45205,0,0,0,0,0,0,0,0,0,0,0,0,0,0,0,0,0,0,0,0
1724849426,,0,21.03393,8.235828,30.33851,28.55531,0,0,0,0,0,0,0,0,0,0,0,0,0,0,0,0,0,0,0,0
1724849427,,0.810221,20.89732,7.999736,30.22271,28.74315,0,0,0,0,0,0,0,0,0,0,0,0,0,0,0,0,0,0,0,0
1724849428,,4.051104,21.0201,8.205194,30.02534,28.87047,0,0,0,0,0,0,0,0,0,0,0,0,0,0,0,0,0,0,0,0
1724849429,,0,21.20428,8.091178,30.00795,28.4443,0,0,0,0,0,0,0,0,0,0,0,0,0,0,0,0,0,0,0,0
1724849430,,2.259901,21.11077,7.97716,30.07708,28.77747,0,0,0,0,0,0,0,0,0,0,0,0,0,0,0,0,0,0,0,0
1724849431,,1.5066,21.01704,8.098777,30.16461,28.73623,0,0,0,0,0,0,0,0,0,0,0,0,0,0,0,0,0,0,0,0
1724849432,,0,20.95456,8.188065,30.33044,28.52346,0,0,0,0,0,0,0,0,0,0,0,0,0,0,0,0,0,0,0,0
1724849433,,4.121275,20.9748,8.241675,30.17259,28.62809,0,0,0,0,0,0,0,0,0,0,0,0,0,0,0,0,0,0,0,0
1724849434,,0,21.12638,8.277416,30.11838,28.66851,0,0,0,0,0,0,0,0,0,0,0,0,0,0,0,0,0,0,0,0
1724849435,,0,21.17691,8.065869,30.08026,28.83159,0,0,0,0,0,0,0,0,0,0,0,0,0,0,0,0,0,0,0,0
1724849436,,3.859866,21.02864,8.12175,30.29462,28.78874,0,0,0,0,0,0,0,0,0,0,0,0,0,0,0,0,0,0,0,0
1724849437,,0,21.10868,8.041835,30.20741,28.60984,0,0,0,0,0,0,0,0,0,0,0,0,0,0,0,0,0,0,0,0
1724849438,,0.792008,21.12869,7.988558,30.25068,28.56938,0,0,0,0,0,0,0,0,0,0,0,0,0,0,0,0,0,0,0,0
1724849439,,3.960039,20.89433,8.322905,30.25657,28.62226,0,0,0,0,0,0,0,0,0,0,0,0,0,0,0,0,0,0,0,0
1724849440,,0,20.97661,7.941648,30.28943,28.76933,0,0,0,0,0,0,0,0,0,0,0,0,0,0,0,0,0,0,0,0
1724849441,,3.822355,21.01088,8.040206,30.16709,28.6382,0,0,0,0,0,0,0,0,0,0,0,0,0,0,0,0,0,0,0,0
1724849442,,0.764471,21.14795,8.064845,30.41638,28.71992,0,0,0,0,0,0,0,0,0,0,0,0,0,0,0,0,0,0,0,0
1724849443,,0,21.0711,8.246983,30.37263,28.3884,0,0,0,0,0,0,0,0,0,0,0,0,0,0,0,0,0,0,0,0
1724849444,,3.838996,21.10935,8.218,30.36706,28.26082,0,0,0,0,0,0,0,0,0,0,0,0,0,0,0,0,0,0,0,0
1724849445,,0,21.16672,8.09989,30.18182,28.0756,0,0,0,0,0,0,0,0,0,0,0,0,0,0,0,0,0,0,0,0
1724849446,,0,21.1792,8.053283,30.29104,28.39885,0,0,0,0,0,0,0,0,0,0,0,0,0,0,0,0,0,0,0,0
1724849447,,3.728278,21.26247,7.98497,30.26757,28.49363,0,0,0,0,0,0,0,0,0,0,0,0,0,0,0,0,0,0,0,0
1724849448,,0,21.34575,8.138803,30.50354,28.68261,0,0,0,0,0,0,0,0,0,0,0,0,0,0,0,0,0,0,0,0
1724849449,,0.951288,21.08059,8.052679,30.44887,28.74776,0,0,0,0,0,0,0,0,0,0,0,0,0,0,0,0,0,0,0,0
1724849450,,3.044122,20.97082,8.171388,30.85202,28.88345,0,0,0,0,0,0,0,0,0,0,0,0,0,0,0,0,0,0,0,0
1724849451,,0,20.94337,8.381745,30.92846,29.18467,0,0,0,0,0,0,0,0,0,0,0,0,0,0,0,0,0,0,0,0
1724849452,,3.940872,20.9735,8.267037,31.21179,29.39727,0,0,0,0,0,0,0,0,0,0,0,0,0,0,0,0,0,0,0,0
1724849453,,0,20.86826,7.891933,31.19832,29.37401,0,0,0,0,0,0,0,0,0,0,0,0,0,0,0,0,0,0,0,0
1724849454,,0,20.86826,8.022615,31.04091,29.25212,0,0,0,0,0,0,0,0,0,0,0,0,0,0,0,0,0,0,0,0
1724849455,,3.866283,21.13105,8.109735,31.10932,29.2221,0,0,0,0,0,0,0,0,0,0,0,0,0,0,0,0,0,0,0,0
1724849456,,0,21.00908,8.204387,30.86093,28.95603,0,0,0,0,0,0,0,0,0,0,0,0,0,0,0,0,0,0,0,0
1724849457,,0.765878,20.9942,7.98784,30.58018,28.63285,0,0,0,0,0,0,0,0,0,0,0,0,0,0,0,0,0,0,0,0
1724849458,,3.06351,20.9347,7.949252,30.45935,28.34677,0,0,0,0,0,0,0,0,0,0,0,0,0,0,0,0,0,0,0,0
1724849459,,0,20.84627,7.923528,30.45013,28.30887,0,0,0,0,0,0,0,0,0,0,0,0,0,0,0,0,0,0,0,0
1724849460,,3.053848,20.83928,8.139386,30.47455,28.26528,0,0,0,0,0,0,0,0,0,0,0,0,0,0,0,0,0,0,0,0
1724849461,,1.526924,20.81829,7.879867,30.47079,28.35189,0,0,0,0,0,0,0,0,0,0,0,0,0,0,0,0,0,0,0,0
1724849462,,0,21.15303,7.92372,30.54185,28.48221,0,0,0,0,0,0,0,0,0,0,0,0,0,0,0,0,0,0,0,0
1724849463,,3.879598,21.04897,9.021634,30.45935,28.38606,0,0,0,0,0,0,0,0,0,0,0,0,0,0,0,0,0,0,0,0
1724849464,,4.478944,20.89287,11.6545,30.4961,28.34443,0,0,0,0,0,0,0,0,0,0,0,0,0,0,0,0,0,0,0,0
1724849465,,6.876325,21.02145,12.75619,30.50721,28.39322,0,0,0,0,0,0,0,0,0,0,0,0,0,0,0,0,0,0,0,0
1724849466,,5.50106,20.97925,9.919062,30.46478,28.57795,0,0,0,0,0,0,0,0,0,0,0,0,0,0,0,0,0,0,0,0
1724849467,,4.348736,20.95111,8.101495,30.40301,28.4435,0,0,0,0,0,0,0,0,0,0,0,0,0,0,0,0,0,0,0,0
1724849468,,0,20.78598,8.072926,30.41447,28.80692,0,0,0,0,0,0,0,0,0,0,0,0,0,0,0,0,0,0,0,0
1724849469,,0.753359,21.14918,7.958984,30.42354,28.72667,0,0,0,0,0,0,0,0,0,0,0,0,0,0,0,0,0,0,0,0
1724849470,,3.766793,21.14918,8.275808,30.52786,28.41044,0,0,0,0,0,0,0,0,0,0,0,0,0,0,0,0,0,0,0,0
1724849471,,0,21.01557,8.315798,30.5943,28.58235,0,0,0,0,0,0,0,0,0,0,0,0,0,0,0,0,0,0,0,0
1724849472,,4.063522,20.86639,8.053327,30.3152,28.62381,0,0,0,0,0,0,0,0,0,0,0,0,0,0,0,0,0,0,0,0
1724849473,,0,20.86639,8.007638,30.36472,28.53321,0,0,0,0,0,0,0,0,0,0,0,0,0,0,0,0,0,0,0,0
1724849474,,0,21.07519,8.088524,30.60561,28.61204,0,0,0,0,0,0,0,0,0,0,0,0,0,0,0,0,0,0,0,0
1724849475,,4.113201,21.06423,8.119299,30.35789,28.84604,0,0,0,0,0,0,0,0,0,0,0,0,0,0,0,0,0,0,0,0
1724849476,,4.113201,21.07389,8.134557,30.59448,29.23387,0,0,0,0,0,0,0,0,0,0,0,0,0,0,0,0,0,0,0,0
1724849477,,2.146336,21.11251,8.01038,30.49574,28.61915,0,0,0,0,0,0,0,0,0,0,0,0,0,0,0,0,0,0,0,0
1724849478,,1.788613,20.91916,8.160018,30.60342,28.67627,0,0,0,0,0,0,0,0,0,0,0,0,0,0,0,0,0,0,0,0
1724849479,,0,21.045,8.158838,30.3342,28.71338,0,0,0,0,0,0,0,0,0,0,0,0,0,0,0,0,0,0,0,0
1724849480,,4.078067,21.23375,8.154118,30.19177,28.6054,0,0,0,0,0,0,0,0,0,0,0,0,0,0,0,0,0,0,0,0
1724849481,,0,21.37615,8.070263,30.73081,28.64784,0,0,0,0,0,0,0,0,0,0,0,0,0,0,0,0,0,0,0,0
1724849482,,0,21.03155,7.97214,30.49755,28.82618,0,0,0,0,0,0,0,0,0,0,0,0,0,0,0,0,0,0,0,0
1724849483,,3.945941,20.91668,7.993491,30.26764,28.81599,0,0,0,0,0,0,0,0,0,0,0,0,0,0,0,0,0,0,0,0
1724849484,,0,20.96411,8.078893,30.30482,28.68427,0,0,0,0,0,0,0,0,0,0,0,0,0,0,0,0,0,0,0,0
1724849485,,1.635135,21.03038,7.936874,30.64473,28.65784,0,0,0,0,0,0,0,0,0,0,0,0,0,0,0,0,0,0,0,0
1724849486,,3.270269,21.04694,8.040883,30.45068,28.93831,0,0,0,0,0,0,0,0,0,0,0,0,0,0,0,0,0,0,0,0
1724849487,,0,21.2948,8.107368,30.49846,28.83343,0,0,0,0,0,0,0,0,0,0,0,0,0,0,0,0,0,0,0,0
1724849488,,3.247499,20.94974,8.30682,30.42017,28.34377,0,0,0,0,0,0,0,0,0,0,0,0,0,0,0,0,0,0,0,0
1724849489,,0.811875,20.94974,8.119698,30.27389,28.43704,0,0,0,0,0,0,0,0,0,0,0,0,0,0,0,0,0,0,0,0
1724849490,,0,21.01392,7.99717,30.34515,28.35307,0,0,0,0,0,0,0,0,0,0,0,0,0,0,0,0,0,0,0,0
1724849491,,4.066,21.0038,8.065572,30.21595,28.55157,0,0,0,0,0,0,0,0,0,0,0,0,0,0,0,0,0,0,0,0
1724849492,,0,20.96837,8.133974,30.4731,28.60126,0,0,0,0,0,0,0,0,0,0,0,0,0,0,0,0,0,0,0,0
1724849493,,0,20.91522,8.06687,30.28783,28.37827,0,0,0,0,0,0,0,0,0,0,0,0,0,0,0,0,0,0,0,0
1724849494,,3.907347,20.82959,8.212206,30.364,28.39242,0,0,0,0,0,0,0,0,0,0,0,0,0,0,0,0,0,0,0,0
1724849495,,0,20.92955,8.143801,30.21968,28.58805,0,0,0,0,0,0,0,0,0,0,0,0,0,0,0,0,0,0,0,0
1724849496,,4.502264,21.02951,8.098199,30.37281,28.3183,0,0,0,0,0,0,0,0,0,0,0,0,0,0,0,0,0,0,0,0
1724849497,,0,21.08495,8.278983,30.49628,28.70919,0,0,0,0,0,0,0,0,0,0,0,0,0,0,0,0,0,0,0,0
1724849498,,0,21.00068,8.224551,30.37838,28.60212,0,0,0,0,0,0,0,0,0,0,0,0,0,0,0,0,0,0,0,0
1724849499,,4.025384,20.94449,8.128077,30.33241,28.37304,0,0,0,0,0,0,0,0,0,0,0,0,0,0,0,0,0,0,0,0
1724849500,,0,21.08503,8.06376,30.16603,28.4107,0,0,0,0,0,0,0,0,0,0,0,0,0,0,0,0,0,0,0,0
1724849501,,4.506176,21.05463,8.188492,30.3649,28.47579,0,0,0,0,0,0,0,0,0,0,0,0,0,0,0,0,0,0,0,0
1724849502,,0.901235,21.04703,8.016436,30.53077,28.50188,0,0,0,0,0,0,0,0,0,0,0,0,0,0,0,0,0,0,0,0
1724849503,,0,20.90057,8.090295,30.18519,28.61448,0,0,0,0,0,0,0,0,0,0,0,0,0,0,0,0,0,0,0,0
1724849504,,4.009432,20.9729,8.139535,30.26621,28.62566,0,0,0,0,0,0,0,0,0,0,0,0,0,0,0,0,0,0,0,0
1724849505,,0,20.9729,8.24516,30.13131,28.49233,0,0,0,0,0,0,0,0,0,0,0,0,0,0,0,0,0,0,0,0
1724849506,,1.776567,20.90854,8.525193,30.09296,28.41834,0,0,0,0,0,0,0,0,0,0,0,0,0,0,0,0,0,0,0,0
1724849507,,3.331063,20.9642,8.166959,30.26032,28.35676,0,0,0,0,0,0,0,0,0,0,0,0,0,0,0,0,0,0,0,0
1724849508,,0,20.9642,8.071919,30.31556,28.87879,0,0,0,0,0,0,0,0,0,0,0,0,0,0,0,0,0,0,0,0
1724849509,,4.129672,20.8599,8.049996,30.30357,28.46757,0,0,0,0,0,0,0,0,0,0,0,0,0,0,0,0,0,0,0,0
1724849510,,0,20.83589,8.085616,30.47039,28.47889,0,0,0,0,0,0,0,0,0,0,0,0,0,0,0,0,0,0,0,0
1724849511,,0,20.85984,8.056247,30.63558,28.87246,0,0,0,0,0,0,0,0,0,0,0,0,0,0,0,0,0,0,0,0
1724849512,,4.456054,20.95567,8.025405,30.94282,29.04362,0,0,0,0,0,0,0,0,0,0,0,0,0,0,0,0,0,0,0,0
1724849513,,0,20.99309,7.980359,31.28582,29.22654,0,0,0,0,0,0,0,0,0,0,0,0,0,0,0,0,0,0,0,0
1724849514,,3.352026,21.09469,8.135823,31.31121,29.55938,0,0,0,0,0,0,0,0,0,0,0,0,0,0,0,0,0,0,0,0
1724849515,,1.676013,21.16242,8.006953,31.36155,29.38504,0,0,0,0,0,0,0,0,0,0,0,0,0,0,0,0,0,0,0,0
1724849516,,0,20.95412,8.009766,31.2116,29.50648,0,0,0,0,0,0,0,0,0,0,0,0,0,0,0,0,0,0,0,0
1724849517,,4.256347,20.89159,8.021016,31.10696,29.40003,0,0,0,0,0,0,0,0,0,0,0,0,0,0,0,0,0,0,0,0
1724849518,,0,20.87074,8.195915,31.30949,29.27656,0,0,0,0,0,0,0,0,0,0,0,0,0,0,0,0,0,0,0,0
1724849519,,1.628161,20.95292,8.06292,30.8498,29.24717,0,0,0,0,0,0,0,0,0,0,0,0,0,0,0,0,0,0,0,0
1724849520,,2.442242,20.99245,8.048017,30.50789,28.80824,0,0,0,0,0,0,0,0,0,0,0,0,0,0,0,0,0,0,0,0
1724849521,,0,21.00233,7.988402,30.21168,28.50205,0,0,0,0,0,0,0,0,0,0,0,0,0,0,0,0,0,0,0,0
1724849522,,4.293436,21.02059,8.002905,30.30035,28.70667,0,0,0,0,0,0,0,0,0,0,0,0,0,0,0,0,0,0,0,0
1724849523,,0,21.16619,8.32284,30.29498,28.72064,0,0,0,0,0,0,0,0,0,0,0,0,0,0,0,0,0,0,0,0
1724849524,,1.085898,21.16619,8.22793,30.1772,28.56704,0,0,0,0,0,0,0,0,0,0,0,0,0,0,0,0,0,0,0,0
1724849525,,3.474872,21.25559,8.085567,30.30983,28.43466,0,0,0,0,0,0,0,0,0,0,0,0,0,0,0,0,0,0,0,0
1724849526,,0,21.1792,8.130416,30.65168,28.55761,0,0,0,0,0,0,0,0,0,0,0,0,0,0,0,0,0,0,0,0
1724849527,,4.432601,21.09092,8.051126,30.4903,28.78538,0,0,0,0,0,0,0,0,0,0,0,0,0,0,0,0,0,0,0,0
1724849528,,0,20.95852,8.041301,30.19532,28.7444,0,0,0,0,0,0,0,0,0,0,0,0,0,0,0,0,0,0,0,0
1724849529,,0.797185,20.94458,8.031475,30.67569,28.58338,0,0,0,0,0,0,0,0,0,0,0,0,0,0,0,0,0,0,0,0
1724849530,,3.985925,21.0478,8.085591,30.50479,28.71713,0,0,0,0,0,0,0,0,0,0,0,0,0,0,0,0,0,0,0,0
1724849531,,0,21.15102,7.94153,30.64034,28.74875,0,0,0,0,0,0,0,0,0,0,0,0,0,0,0,0,0,0,0,0
1724849532,,4.120369,21.21891,8.123645,30.45757,29.06114,0,0,0,0,0,0,0,0,0,0,0,0,0,0,0,0,0,0,0,0
1724849533,,4.120369,21.16809,8.305759,30.54016,28.63886,0,0,0,0,0,0,0,0,0,0,0,0,0,0,0,0,0,0,0,0
1724849534,,1.988232,21.1342,7.958557,30.55462,28.39033,0,0,0,0,0,0,0,0,0,0,0,0,0,0,0,0,0,0,0,0
1724849535,,2.385879,21.40511,8.032249,30.65822,28.45545,0,0,0,0,0,0,0,0,0,0,0,0,0,0,0,0,0,0,0,0
1724849536,,0,21.09366,8.060647,30.61931,29.05507,0,0,0,0,0,0,0,0,0,0,0,0,0,0,0,0,0,0,0,0
1724849537,,4.16746,21.09366,8.079578,30.41406,28.12886,0,0,0,0,0,0,0,0,0,0,0,0,0,0,0,0,0,0,0,0
1724849538,,0,21.28361,8.130044,30.47052,28.34681,0,0,0,0,0,0,0,0,0,0,0,0,0,0,0,0,0,0,0,0
1724849539,,0.798469,21.48812,8.056014,30.35374,28.43736,0,0,0,0,0,0,0,0,0,0,0,0,0,0,0,0,0,0,0,0
1724849540,,3.992346,21.29761,8.02479,30.27895,28.32263,0,0,0,0,0,0,0,0,0,0,0,0,0,0,0,0,0,0,0,0
1724849541,,0,21.01185,8.003973,30.38513,28.31047,0,0,0,0,0,0,0,0,0,0,0,0,0,0,0,0,0,0,0,0
1724849542,,4.201542,21.29346,8.269549,30.40381,28.46627,0,0,0,0,0,0,0,0,0,0,0,0,0,0,0,0,0,0,0,0
1724849543,,0,21.22386,8.034318,30.39561,28.43365,0,0,0,0,0,0,0,0,0,0,0,0,0,0,0,0,0,0,0,0
1724849544,,0,21.15426,8.083161,30.44879,28.34268,0,0,0,0,0,0,0,0,0,0,0,0,0,0,0,0,0,0,0,0
1724849545,,3.940144,21.23277,8.095372,30.42567,28.36333,0,0,0,0,0,0,0,0,0,0,0,0,0,0,0,0,0,0,0,0
1724849546,,0,21.10785,8.173309,30.46855,28.39123,0,0,0,0,0,0,0,0,0,0,0,0,0,0,0,0,0,0,0,0
1724849547,,2.497438,21.02457,8.09665,30.42029,28.39028,0,0,0,0,0,0,0,0,0,0,0,0,0,0,0,0,0,0,0,0
1724849548,,2.497438,20.93624,8.022883,30.33182,28.43172,0,0,0,0,0,0,0,0,0,0,0,0,0,0,0,0,0,0,0,0
1724849549,,0,20.99299,8.042216,30.45638,28.35345,0,0,0,0,0,0,0,0,0,0,0,0,0,0,0,0,0,0,0,0
1724849550,,3.093622,21.00718,8.15554,30.44269,28.30103,0,0,0,0,0,0,0,0,0,0,0,0,0,0,0,0,0,0,0,0
1724849551,,0.773406,21.18412,8.246676,30.35532,28.5449,0,0,0,0,0,0,0,0,0,0,0,0,0,0,0,0,0,0,0,0
1724849552,,0,20.89321,8.047834,30.44864,28.70512,0,0,0,0,0,0,0,0,0,0,0,0,0,0,0,0,0,0,0,0
1724849553,,3.908852,20.92966,8.018672,30.30164,28.32935,0,0,0,0,0,0,0,0,0,0,0,0,0,0,0,0,0,0,0,0
1724849554,,0,21.07545,7.97493,30.40975,28.60747,0,0,0,0,0,0,0,0,0,0,0,0,0,0,0,0,0,0,0,0
1724849555,,0,20.88193,8.147878,30.38818,28.40594,0,0,0,0,0,0,0,0,0,0,0,0,0,0,0,0,0,0,0,0
1724849556,,3.829973,20.87474,7.965402,30.33205,28.66064,0,0,0,0,0,0,0,0,0,0,0,0,0,0,0,0,0,0,0,0
1724849557,,0,20.85317,7.922195,30.3998,28.56557,0,0,0,0,0,0,0,0,0,0,0,0,0,0,0,0,0,0,0,0
1724849558,,3.329619,21.08233,7.857383,30.40989,28.60126,0,0,0,0,0,0,0,0,0,0,0,0,0,0,0,0,0,0,0,0
1724849559,,1.040506,21.04964,8.125734,30.49484,28.70035,0,0,0,0,0,0,0,0,0,0,0,0,0,0,0,0,0,0,0,0
1724849560,,0,21.0006,8.144071,30.27978,28.58593,0,0,0,0,0,0,0,0,0,0,0,0,0,0,0,0,0,0,0,0
1724849561,,3.866272,20.97411,8.127169,30.38018,28.88628,0,0,0,0,0,0,0,0,0,0,0,0,0,0,0,0,0,0,0,0
1724849562,,0,21.0073,8.101815,30.57078,28.94082,0,0,0,0,0,0,0,0,0,0,0,0,0,0,0,0,0,0,0,0
1724849563,,0,21.02942,7.980801,30.39926,28.88161,0,0,0,0,0,0,0,0,0,0,0,0,0,0,0,0,0,0,0,0
1724849564,,4.058316,20.88432,8.005127,30.34533,28.73108,0,0,0,0,0,0,0,0,0,0,0,0,0,0,0,0,0,0,0,0
1724849565,,0,20.86921,8.064713,30.34048,28.64117,0,0,0,0,0,0,0,0,0,0,0,0,0,0,0,0,0,0,0,0
1724849566,,1.515222,20.86417,8.154093,30.46641,28.61757,0,0,0,0,0,0,0,0,0,0,0,0,0,0,0,0,0,0,0,0
1724849567,,3.030445,21.08843,8.135711,30.30912,28.65903,0,0,0,0,0,0,0,0,0,0,0,0,0,0,0,0,0,0,0,0
1724849568,,0,21.18948,8.171469,30.48288,28.7161,0,0,0,0,0,0,0,0,0,0,0,0,0,0,0,0,0,0,0,0
1724849569,,4.336751,21.16563,8.102298,30.64582,28.78309,0,0,0,0,0,0,0,0,0,0,0,0,0,0,0,0,0,0,0,0
1724849570,,0,21.07023,8.056185,30.40611,28.72816,0,0,0,0,0,0,0,0,0,0,0,0,0,0,0,0,0,0,0,0
1724849571,,0,20.95456,8.046099,30.09931,28.64622,0,0,0,0,0,0,0,0,0,0,0,0,0,0,0,0,0,0,0,0
1724849572,,3.822426,20.94381,8.050191,30.34712,28.81056,0,0,0,0,0,0,0,0,0,0,0,0,0,0,0,0,0,0,0,0
1724849573,,0,20.90083,8.053938,30.51914,28.50027,0,0,0,0,0,0,0,0,0,0,0,0,0,0,0,0,0,0,0,0
1724849574,,0,20.80267,8.055187,30.84943,28.8003,0,0,0,0,0,0,0,0,0,0,0,0,0,0,0,0,0,0,0,0
1724849575,,4.116013,20.94047,8.108244,30.77135,28.55434,0,0,0,0,0,0,0,0,0,0,0,0,0,0,0,0,0,0,0,0
1724849576,,0,21.14716,8.002448,31.10074,29.24461,0,0,0,0,0,0,0,0,0,0,0,0,0,0,0,0,0,0,0,0
1724849577,,2.411876,21.11085,8.127796,31.14567,29.41349,0,0,0,0,0,0,0,0,0,0,0,0,0,0,0,0,0,0,0,0
1724849578,,1.607918,21.05923,8.16958,31.3334,29.38469,0,0,0,0,0,0,0,0,0,0,0,0,0,0,0,0,0,0,0,0
1724849579,,0,21.00761,7.975681,31.26352,29.25007,0,0,0,0,0,0,0,0,0,0,0,0,0,0,0,0,0,0,0,0
1724849580,,4.125873,21.08922,8.192076,31.01052,29.09842,0,0,0,0,0,0,0,0,0,0,0,0,0,0,0,0,0,0,0,0
1724849581,,0,21.0479,8.206905,31.03753,29.12988,0,0,0,0,0,0,0,0,0,0,0,0,0,0,0,0,0,0,0,0
1724849582,,0,21.03757,8.187943,30.66799,28.86531,0,0,0,0,0,0,0,0,0,0,0,0,0,0,0,0,0,0,0,0
1724849583,,3.937821,21.14488,8.097264,30.32309,28.58006,0,0,0,0,0,0,0,0,0,0,0,0,0,0,0,0,0,0,0,0
1724849584,,0,21.26534,8.007254,30.11486,28.35034,0,0,0,0,0,0,0,0,0,0,0,0,0,0,0,0,0,0,0,0
1724849585,,0.842727,21.26534,8.096072,30.08749,27.92294,0,0,0,0,0,0,0,0,0,0,0,0,0,0,0,0,0,0,0,0
1724849586,,4.213634,21.00017,8.141553,30.33743,28.25165,0,0,0,0,0,0,0,0,0,0,0,0,0,0,0,0,0,0,0,0
1724849587,,0,20.94432,8.323477,30.11062,28.35256,0,0,0,0,0,0,0,0,0,0,0,0,0,0,0,0,0,0,0,0
1724849588,,2.851484,20.91497,7.989491,30.06492,28.32601,0,0,0,0,0,0,0,0,0,0,0,0,0,0,0,0,0,0,0,0
1724849589,,1.520791,20.79759,8.009683,30.20118,28.3396,0,0,0,0,0,0,0,0,0,0,0,0,0,0,0,0,0,0,0,0
1724849590,,0,20.84176,8.008808,30.37461,28.40116,0,0,0,0,0,0,0,0,0,0,0,0,0,0,0,0,0,0,0,0
1724849591,,4.128769,20.89043,8.006184,29.96064,28.48788,0,0,0,0,0,0,0,0,0,0,0,0,0,0,0,0,0,0,0,0
1724849592,,2.911941,21.03645,8.018086,29.94054,28.44349,0,0,0,0,0,0,0,0,0,0,0,0,0,0,0,0,0,0,0,0
1724849593,,11.62852,21.06502,8.737458,30.22253,28.14968,0,0,0,0,0,0,0,0,0,0,0,0,0,0,0,0,0,0,0,0
1724849594,,6.969415,20.99965,8.295076,29.95365,28.37297,0,0,0,0,0,0,0,0,0,0,0,0,0,0,0,0,0,0,0,0
1724849595,,0,20.9016,8.000156,30.07761,28.3757,0,0,0,0,0,0,0,0,0,0,0,0,0,0,0,0,0,0,0,0
1724849596,,4.326907,21.07345,8.01499,30.42937,28.74381,0,0,0,0,0,0,0,0,0,0,0,0,0,0,0,0,0,0,0,0
1724849597,,0,21.03763,8.057389,30.0577,28.79815,0,0,0,0,0,0,0,0,0,0,0,0,0,0,0,0,0,0,0,0
1724849598,,0,21.01375,8.026155,30.17543,28.46029,0,0,0,0,0,0,0,0,0,0,0,0,0,0,0,0,0,0,0,0
1724849599,,3.779746,21.20815,8.005331,30.17561,28.42801,0,0,0,0,0,0,0,0,0,0,0,0,0,0,0,0,0,0,0,0
1724849600,,0,21.29444,8.001332,30.17401,28.64901,0,0,0,0,0,0,0,0,0,0,0,0,0,0,0,0,0,0,0,0
1724849601,,1.511081,21.29444,7.962715,29.94753,28.46821,0,0,0,0,0,0,0,0,0,0,0,0,0,0,0,0,0,0,0,0
1724849602,,3.022163,21.48396,7.93765,30.02674,28.64999,0,0,0,0,0,0,0,0,0,0,0,0,0,0,0,0,0,0,0,0
1724849603,,0,21.17559,8.36369,30.11875,28.54637,0,0,0,0,0,0,0,0,0,0,0,0,0,0,0,0,0,0,0,0
1724849604,,5.311595,21.12874,9.691944,30.01094,28.76343,0,0,0,0,0,0,0,0,0,0,0,0,0,0,0,0,0,0,0,0
1724849605,,0,20.98817,7.948571,30.23999,28.53402,0,0,0,0,0,0,0,0,0,0,0,0,0,0,0,0,0,0,0,0
1724849606,,3.642113,21.0374,10.59224,30.17579,28.67616,0,0,0,0,0,0,0,0,0,0,0,0,0,0,0,0,0,0,0,0
1724849607,,1.13816,21.05642,9.207384,30.01691,28.67701,0,0,0,0,0,0,0,0,0,0,0,0,0,0,0,0,0,0,0,0
1724849608,,0,21.08495,7.822525,30.11999,28.59525,0,0,0,0,0,0,0,0,0,0,0,0,0,0,0,0,0,0,0,0
1724849609,,4.032593,21.03324,8.003157,30.20302,28.65523,0,0,0,0,0,0,0,0,0,0,0,0,0,0,0,0,0,0,0,0
1724849610,,0,21.1245,8.041671,30.24088,28.67893,0,0,0,0,0,0,0,0,0,0,0,0,0,0,0,0,0,0,0,0
1724849611,,0,21.18535,8.03414,30.25286,28.71818,0,0,0,0,0,0,0,0,0,0,0,0,0,0,0,0,0,0,0,0
1724849612,,3.876805,21.04946,8.029118,30.3062,28.72116,0,0,0,0,0,0,0,0,0,0,0,0,0,0,0,0,0,0,0,0
1724849613,,0,21.00997,7.992915,30.28615,28.70687,0,0,0,0,0,0,0,0,0,0,0,0,0,0,0,0,0,0,0,0
1724849614,,1.592302,20.9968,8.071582,30.25829,28.68544,0,0,0,0,0,0,0,0,0,0,0,0,0,0,0,0,0,0,0,0
1724849615,,2.985567,21.04963,8.131566,30.2547,28.70594,0,0,0,0,0,0,0,0,0,0,0,0,0,0,0,0,0,0,0,0
1724849616,,0,21.14742,8.171556,30.24487,28.59784,0,0,0,0,0,0,0,0,0,0,0,0,0,0,0,0,0,0,0,0
1724849617,,4.043774,21.1186,8.06598,30.36017,28.42672,0,0,0,0,0,0,0,0,0,0,0,0,0,0,0,0,0,0,0,0
1724849618,,0.808755,21.00328,8.368148,30.54521,28.36799,0,0,0,0,0,0,0,0,0,0,0,0,0,0,0,0,0,0,0,0
1724849619,,0,21.09183,8.236464,30.4837,28.359,0,0,0,0,0,0,0,0,0,0,0,0,0,0,0,0,0,0,0,0
1724849620,,3.932914,21.10988,8.148674,30.40426,28.20436,0,0,0,0,0,0,0,0,0,0,0,0,0,0,0,0,0,0,0,0
1724849621,,0,21.1821,8.271974,30.58701,28.31255,0,0,0,0,0,0,0,0,0,0,0,0,0,0,0,0,0,0,0,0
1724849622,,0.767169,21.07789,7.963214,30.56253,28.52914,0,0,0,0,0,0,0,0,0,0,0,0,0,0,0,0,0,0,0,0
1724849623,,3.835845,21.1869,8.059352,30.43166,28.63411,0,0,0,0,0,0,0,0,0,0,0,0,0,0,0,0,0,0,0,0
1724849624,,0,21.25958,8.123445,30.43354,28.47193,0,0,0,0,0,0,0,0,0,0,0,0,0,0,0,0,0,0,0,0
1724849625,,3.313044,21.00743,8.049376,30.57931,28.36446,0,0,0,0,0,0,0,0,0,0,0,0,0,0,0,0,0,0,0,0
1724849626,,0.828261,21.08926,7.980514,30.51184,28.46701,0,0,0,0,0,0,0,0,0,0,0,0,0,0,0,0,0,0,0,0
1724849627,,0,21.11653,7.978974,30.39899,28.48164,0,0,0,0,0,0,0,0,0,0,0,0,0,0,0,0,0,0,0,0
1724849628,,3.773625,20.89278,7.977948,30.58664,28.42855,0,0,0,0,0,0,0,0,0,0,0,0,0,0,0,0,0,0,0,0
1724849629,,0,21.04213,8.105126,30.6468,28.34236,0,0,0,0,0,0,0,0,0,0,0,0,0,0,0,0,0,0,0,0
1724849630,,0.891503,21.07946,7.966223,30.53331,28.39259,0,0,0,0,0,0,0,0,0,0,0,0,0,0,0,0,0,0,0,0
1724849631,,4.457512,21.07789,8.212385,30.57529,28.54472,0,0,0,0,0,0,0,0,0,0,0,0,0,0,0,0,0,0,0,0
1724849632,,0,20.92448,8.316855,30.48371,28.58976,0,0,0,0,0,0,0,0,0,0,0,0,0,0,0,0,0,0,0,0
1724849633,,3.100024,20.92448,8.078305,30.33109,28.42166,0,0,0,0,0,0,0,0,0,0,0,0,0,0,0,0,0,0,0,0
1724849634,,0.775006,21.06241,7.919434,30.4497,28.43454,0,0,0,0,0,0,0,0,0,0,0,0,0,0,0,0,0,0,0,0
1724849635,,0,21.18236,7.90248,30.42366,28.52833,0,0,0,0,0,0,0,0,0,0,0,0,0,0,0,0,0,0,0,0
1724849636,,4.354629,21.0858,7.956205,30.61509,28.55873,0,0,0,0,0,0,0,0,0,0,0,0,0,0,0,0,0,0,0,0
1724849637,,0,20.94097,8.171106,30.74457,28.74628,0,0,0,0,0,0,0,0,0,0,0,0,0,0,0,0,0,0,0,0
1724849638,,2.511664,21.09297,8.077804,30.87491,28.96005,0,0,0,0,0,0,0,0,0,0,0,0,0,0,0,0,0,0,0,0
1724849639,,2.511664,21.12883,8.111437,31.31761,29.35062,0,0,0,0,0,0,0,0,0,0,0,0,0,0,0,0,0,0,0,0
1724849640,,0,21.1647,8.10183,31.30302,29.45671,0,0,0,0,0,0,0,0,0,0,0,0,0,0,0,0,0,0,0,0
1724849641,,4.544136,21.24365,8.087419,31.44854,29.51378,0,0,0,0,0,0,0,0,0,0,0,0,0,0,0,0,0,0,0,0
1724849642,,0,21.12162,7.975252,31.27734,29.48131,0,0,0,0,0,0,0,0,0,0,0,0,0,0,0,0,0,0,0,0
1724849643,,1.697114,21.04026,8.278419,31.23399,29.45971,0,0,0,0,0,0,0,0,0,0,0,0,0,0,0,0,0,0,0,0
1724849644,,3.182089,21.0785,8.247166,31.11759,29.52542,0,0,0,0,0,0,0,0,0,0,0,0,0,0,0,0,0,0,0,0
1724849645,,0,20.95206,8.200288,30.92423,29.10163,0,0,0,0,0,0,0,0,0,0,0,0,0,0,0,0,0,0,0,0
1724849646,,4.40493,20.92045,7.914933,30.71282,28.9455,0,0,0,0,0,0,0,0,0,0,0,0,0,0,0,0,0,0,0,0
1724849647,,0,20.8421,7.828633,30.44853,28.81884,0,0,0,0,0,0,0,0,0,0,0,0,0,0,0,0,0,0,0,0
1724849648,,1.051514,21.00199,7.907758,30.30751,28.51226,0,0,0,0,0,0,0,0,0,0,0,0,0,0,0,0,0,0,0,0
1724849649,,3.364844,21.00199,7.986884,30.30336,28.65228,0,0,0,0,0,0,0,0,0,0,0,0,0,0,0,0,0,0,0,0
1724849650,,0,21.01444,8.027197,30.15761,28.4464,0,0,0,0,0,0,0,0,0,0,0,0,0,0,0,0,0,0,0,0
1724849651,,4.339828,20.87475,7.906673,30.21791,28.66227,0,0,0,0,0,0,0,0,0,0,0,0,0,0,0,0,0,0,0,0
1724849652,,0,20.91374,7.965378,30.42612,28.62168,0,0,0,0,0,0,0,0,0,0,0,0,0,0,0,0,0,0,0,0
1724849653,,0.807862,20.97221,8.024081,30.25175,28.48099,0,0,0,0,0,0,0,0,0,0,0,0,0,0,0,0,0,0,0,0
1724849654,,4.039309,21.02804,8.003241,30.46569,28.57335,0,0,0,0,0,0,0,0,0,0,0,0,0,0,0,0,0,0,0,0
1724849655,,0,21.03071,7.923363,30.17703,28.72552,0,0,0,0,0,0,0,0,0,0,0,0,0,0,0,0,0,0,0,0
1724849656,,4.460814,21.03471,8.019649,30.50154,29.03185,0,0,0,0,0,0,0,0,0,0,0,0,0,0,0,0,0,0,0,0
1724849657,,0,20.91428,8.083839,30.11027,28.48278,0,0,0,0,0,0,0,0,0,0,0,0,0,0,0,0,0,0,0,0
1724849658,,0.866953,20.95349,7.889167,30.30124,28.61972,0,0,0,0,0,0,0,0,0,0,0,0,0,0,0,0,0,0,0,0
1724849659,,3.46781,20.97962,8.279755,30.13803,28.61972,0,0,0,0,0,0,0,0,0,0,0,0,0,0,0,0,0,0,0,0
1724849660,,0,21.2517,9.637278,30.08925,28.58414,0,0,0,0,0,0,0,0,0,0,0,0,0,0,0,0,0,0,0,0
1724849661,,6.015012,21.07596,12.58054,30.23607,28.59804,0,0,0,0,0,0,0,0,0,0,0,0,0,0,0,0,0,0,0,0
1724849662,,6.263061,21.01739,12.72442,30.20563,28.5287,0,0,0,0,0,0,0,0,0,0,0,0,0,0,0,0,0,0,0,0
1724849663,,2.571371,20.82075,8.360332,30.13555,28.45247,0,0,0,0,0,0,0,0,0,0,0,0,0,0,0,0,0,0,0,0
1724849664,,0,21.07851,8.138647,30.19621,28.50996,0,0,0,0,0,0,0,0,0,0,0,0,0,0,0,0,0,0,0,0
1724849665,,4.020115,21.14295,8.083226,30.30822,28.58262,0,0,0,0,0,0,0,0,0,0,0,0,0,0,0,0,0,0,0,0
1724849666,,0,21.03142,8.014822,30.19763,28.38065,0,0,0,0,0,0,0,0,0,0,0,0,0,0,0,0,0,0,0,0
1724849667,,1.817391,20.98592,8.116263,30.20848,28.37924,0,0,0,0,0,0,0,0,0,0,0,0,0,0,0,0,0,0,0,0
1724849668,,3.634783,21.03293,8.177045,30.28354,28.45561,0,0,0,0,0,0,0,0,0,0,0,0,0,0,0,0,0,0,0,0
1724849669,,0,21.22094,8.16334,30.28497,28.37891,0,0,0,0,0,0,0,0,0,0,0,0,0,0,0,0,0,0,0,0
1724849670,,4.092777,21.0907,8.047737,30.36059,28.26225,0,0,0,0,0,0,0,0,0,0,0,0,0,0,0,0,0,0,0,0
1724849671,,0,21.02926,8.11293,30.05964,28.33207,0,0,0,0,0,0,0,0,0,0,0,0,0,0,0,0,0,0,0,0
1724849672,,0,20.9371,7.979159,30.40629,28.35435,0,0,0,0,0,0,0,0,0,0,0,0,0,0,0,0,0,0,0,0
1724849673,,4.623662,21.20604,7.949879,30.24623,28.53775,0,0,0,0,0,0,0,0,0,0,0,0,0,0,0,0,0,0,0,0
1724849674,,0,21.10505,7.966521,30.26139,28.38406,0,0,0,0,0,0,0,0,0,0,0,0,0,0,0,0,0,0,0,0
1724849675,,3.041212,21.00406,8.145427,30.12069,28.67228,0,0,0,0,0,0,0,0,0,0,0,0,0,0,0,0,0,0,0,0
1724849676,,1.62198,21.27961,8.161376,30.10602,28.36992,0,0,0,0,0,0,0,0,0,0,0,0,0,0,0,0,0,0,0,0
1724849677,,0,21.09174,8.122365,30.4016,28.41608,0,0,0,0,0,0,0,0,0,0,0,0,0,0,0,0,0,0,0,0
1724849678,,4.344759,21.04478,8.057864,30.11062,28.5436,0,0,0,0,0,0,0,0,0,0,0,0,0,0,0,0,0,0,0,0
1724849679,,0,21.17146,8.123036,30.08678,28.3863,0,0,0,0,0,0,0,0,0,0,0,0,0,0,0,0,0,0,0,0
1724849680,,1.543212,20.8284,7.928403,30.11327,28.61798,0,0,0,0,0,0,0,0,0,0,0,0,0,0,0,0,0,0,0,0
1724849681,,2.893523,20.8284,7.885958,30.30768,28.74217,0,0,0,0,0,0,0,0,0,0,0,0,0,0,0,0,0,0,0,0
1724849682,,0,20.99421,7.716177,30.13148,28.57753,0,0,0,0,0,0,0,0,0,0,0,0,0,0,0,0,0,0,0,0
1724849683,,3.251087,20.88475,8.022295,30.12901,28.51645,0,0,0,0,0,0,0,0,0,0,0,0,0,0,0,0,0,0,0,0
1724849684,,0.812772,20.97326,8.013172,30.18892,28.67918,0,0,0,0,0,0,0,0,0,0,0,0,0,0,0,0,0,0,0,0
1724849685,,0,21.32728,8.028013,30.12229,28.73602,0,0,0,0,0,0,0,0,0,0,0,0,0,0,0,0,0,0,0,0
1724849686,,4.776644,21.27198,8.087381,30.30554,28.67494,0,0,0,0,0,0,0,0,0,0,0,0,0,0,0,0,0,0,0,0
1724849687,,0,21.19483,8.08694,30.16248,28.68623,0,0,0,0,0,0,0,0,0,0,0,0,0,0,0,0,0,0,0,0
1724849688,,3.274813,21.11767,8.111832,30.29015,28.75766,0,0,0,0,0,0,0,0,0,0,0,0,0,0,0,0,0,0,0,0
1724849689,,1.637407,21.1147,8.089698,30.20776,28.68787,0,0,0,0,0,0,0,0,0,0,0,0,0,0,0,0,0,0,0,0
1724849690,,0,20.94577,8.001164,30.28854,28.78888,0,0,0,0,0,0,0,0,0,0,0,0,0,0,0,0,0,0,0,0
1724849691,,3.925965,20.83316,7.879355,30.23446,29.01437,0,0,0,0,0,0,0,0,0,0,0,0,0,0,0,0,0,0,0,0
1724849692,,0,20.99862,8.11425,30.26193,28.98282,0,0,0,0,0,0,0,0,0,0,0,0,0,0,0,0,0,0,0,0
1724849693,,0,21.00076,8.120062,30.31879,28.69854,0,0,0,0,0,0,0,0,0,0,0,0,0,0,0,0,0,0,0,0
1724849694,,3.927348,21.0013,8.137499,30.46026,28.74512,0,0,0,0,0,0,0,0,0,0,0,0,0,0,0,0,0,0,0,0
1724849695,,0,21.0512,8.266986,30.3482,28.91227,0,0,0,0,0,0,0,0,0,0,0,0,0,0,0,0,0,0,0,0
1724849696,,3.087406,21.01617,8.149048,30.43334,28.77698,0,0,0,0,0,0,0,0,0,0,0,0,0,0,0,0,0,0,0,0
1724849697,,1.543703,21.01617,8.07794,30.37744,28.9338,0,0,0,0,0,0,0,0,0,0,0,0,0,0,0,0,0,0,0,0
1724849698,,0,21.02934,8.006833,30.26942,28.6772,0,0,0,0,0,0,0,0,0,0,0,0,0,0,0,0,0,0,0,0
1724849699,,3.754365,21.10631,7.950609,30.51167,29.00564,0,0,0,0,0,0,0,0,0,0,0,0,0,0,0,0,0,0,0,0
1724849700,,0,21.03533,7.962811,30.7804,28.81006,0,0,0,0,0,0,0,0,0,0,0,0,0,0,0,0,0,0,0,0
1724849701,,0,20.92886,8.058561,31.17421,29.21545,0,0,0,0,0,0,0,0,0,0,0,0,0,0,0,0,0,0,0,0
1724849702,,3.910191,21.10946,7.934226,31.3093,29.45446,0,0,0,0,0,0,0,0,0,0,0,0,0,0,0,0,0,0,0,0
1724849703,,0,20.98946,7.887184,31.41444,29.61676,0,0,0,0,0,0,0,0,0,0,0,0,0,0,0,0,0,0,0,0
1724849704,,1.979122,20.80946,8.15524,31.46444,29.33945,0,0,0,0,0,0,0,0,0,0,0,0,0,0,0,0,0,0,0,0
1724849705,,2.374946,20.94681,8.057213,31.47119,29.4588,0,0,0,0,0,0,0,0,0,0,0,0,0,0,0,0,0,0,0,0
1724849706,,0,20.98236,7.991861,31.36135,29.27398,0,0,0,0,0,0,0,0,0,0,0,0,0,0,0,0,0,0,0,0
1724849707,,3.841559,21.00605,8.096871,31.2904,29.14666,0,0,0,0,0,0,0,0,0,0,0,0,0,0,0,0,0,0,0,0
1724849708,,0,20.91796,7.96369,31.06666,28.97932,0,0,0,0,0,0,0,0,0,0,0,0,0,0,0,0,0,0,0,0
1724849709,,0,20.80046,7.964597,30.66616,28.78411,0,0,0,0,0,0,0,0,0,0,0,0,0,0,0,0,0,0,0,0
1724849710,,3.768864,20.76129,7.9652,30.79943,28.62042,0,0,0,0,0,0,0,0,0,0,0,0,0,0,0,0,0,0,0,0
1724849711,,0,20.92783,7.962323,30.60415,28.47025,0,0,0,0,0,0,0,0,0,0,0,0,0,0,0,0,0,0,0,0
1724849712,,0,20.98889,8.069189,30.51678,28.44951,0,0,0,0,0,0,0,0,0,0,0,0,0,0,0,0,0,0,0,0
1724849713,,3.844999,21.00415,8.02684,30.5264,28.38245,0,0,0,0,0,0,0,0,0,0,0,0,0,0,0,0,0,0,0,0
1724849714,,0,20.98886,8.071937,30.59411,28.28618,0,0,0,0,0,0,0,0,0,0,0,0,0,0,0,0,0,0,0,0
1724849715,,2.299684,21.19644,8.071937,30.50879,28.63313,0,0,0,0,0,0,0,0,0,0,0,0,0,0,0,0,0,0,0,0
1724849716,,2.299684,21.19644,8.051126,30.50789,29.06248,0,0,0,0,0,0,0,0,0,0,0,0,0,0,0,0,0,0,0,0
1724849717,,0,21.14085,8.120232,30.31897,28.70989,0,0,0,0,0,0,0,0,0,0,0,0,0,0,0,0,0,0,0,0
1724849718,,4.283674,21.1813,7.971784,30.45935,28.70611,0,0,0,0,0,0,0,0,0,0,0,0,0,0,0,0,0,0,0,0
1724849719,,0,21.14335,7.971784,30.3479,28.28251,0,0,0,0,0,0,0,0,0,0,0,0,0,0,0,0,0,0,0,0
1724849720,,0,21.08643,8.092375,30.38234,28.31798,0,0,0,0,0,0,0,0,0,0,0,0,0,0,0,0,0,0,0,0
1724849721,,3.710259,21.37409,8.083597,30.22704,28.59784,0,0,0,0,0,0,0,0,0,0,0,0,0,0,0,0,0,0,0,0
1724849722,,0,21.52222,8.07482,30.21239,28.5061,0,0,0,0,0,0,0,0,0,0,0,0,0,0,0,0,0,0,0,0
1724849723,,1.777137,21.5716,8.131357,30.21684,28.63493,0,0,0,0,0,0,0,0,0,0,0,0,0,0,0,0,0,0,0,0
1724849724,,3.554275,21.32898,8.209854,30.46747,28.49346,0,0,0,0,0,0,0,0,0,0,0,0,0,0,0,0,0,0,0,0
1724849725,,0,21.16147,7.919974,30.46274,28.44333,0,0,0,0,0,0,0,0,0,0,0,0,0,0,0,0,0,0,0,0
1724849726,,2.224931,21.11959,7.864054,30.38609,28.51746,0,0,0,0,0,0,0,0,0,0,0,0,0,0,0,0,0,0,0,0
1724849727,,1.483288,21.15803,7.901295,30.32988,28.66096,0,0,0,0,0,0,0,0,0,0,0,0,0,0,0,0,0,0,0,0
1724849728,,0,21.34048,8.054956,30.29799,28.52981,0,0,0,0,0,0,0,0,0,0,0,0,0,0,0,0,0,0,0,0
1724849729,,4.117615,21.31753,7.926366,30.23899,28.44353,0,0,0,0,0,0,0,0,0,0,0,0,0,0,0,0,0,0,0,0
1724849730,,0,21.22571,7.962386,30.27598,28.46314,0,0,0,0,0,0,0,0,0,0,0,0,0,0,0,0,0,0,0,0
1724849731,,0,20.81269,7.981132,30.30467,28.62495,0,0,0,0,0,0,0,0,0,0,0,0,0,0,0,0,0,0,0,0
1724849732,,3.673886,20.90913,8.010356,30.22919,28.68467,0,0,0,0,0,0,0,0,0,0,0,0,0,0,0,0,0,0,0,0
1724849733,,0,21.0538,8.051661,30.21615,28.48348,0,0,0,0,0,0,0,0,0,0,0,0,0,0,0,0,0,0,0,0
1724849734,,0,20.91188,8.054859,30.21084,28.61694,0,0,0,0,0,0,0,0,0,0,0,0,0,0,0,0,0,0,0,0
1724849735,,3.894143,20.89814,8.034448,30.14633,28.63886,0,0,0,0,0,0,0,0,0,0,0,0,0,0,0,0,0,0,0,0
1724849736,,0,20.88441,8.003829,30.16475,28.81636,0,0,0,0,0,0,0,0,0,0,0,0,0,0,0,0,0,0,0,0
1724849737,,0,20.92011,8.041307,30.19449,28.47841,0,0,0,0,0,0,0,0,0,0,0,0,0,0,0,0,0,0,0,0
1724849738,,3.72491,21.06249,8.003818,30.3651,28.51583,0,0,0,0,0,0,0,0,0,0,0,0,0,0,0,0,0,0,0,0
1724849739,,0,21.15742,8.040415,30.37231,28.76212,0,0,0,0,0,0,0,0,0,0,0,0,0,0,0,0,0,0,0,0
1724849740,,4.058221,21.1908,8.09531,30.11525,28.82995,0,0,0,0,0,0,0,0,0,0,0,0,0,0,0,0,0,0,0,0
1724849741,,0,21.07502,7.971152,30.25345,28.73013,0,0,0,0,0,0,0,0,0,0,0,0,0,0,0,0,0,0,0,0
1724849742,,0,21.04608,8.00603,30.39077,28.77021,0,0,0,0,0,0,0,0,0,0,0,0,0,0,0,0,0,0,0,0
1724849743,,3.816262,21.0433,8.031343,30.21636,28.7382,0,0,0,0,0,0,0,0,0,0,0,0,0,0,0,0,0,0,0,0
1724849744,,0,20.96247,8.056233,30.32531,28.821,0,0,0,0,0,0,0,0,0,0,0,0,0,0,0,0,0,0,0,0
1724849745,,0,21.00726,7.999364,30.3532,28.97311,0,0,0,0,0,0,0,0,0,0,0,0,0,0,0,0,0,0,0,0
1724849746,,4.098049,21.18641,8.154429,30.13545,28.80112,0,0,0,0,0,0,0,0,0,0,0,0,0,0,0,0,0,0,0,0
1724849747,,0,20.90657,8.154429,30.26657,28.81569,0,0,0,0,0,0,0,0,0,0,0,0,0,0,0,0,0,0,0,0
1724849748,,1.496434,20.92319,7.884374,30.24873,28.77851,0,0,0,0,0,0,0,0,0,0,0,0,0,0,0,0,0,0,0,0
1724849749,,2.992867,20.97307,8.024371,30.27228,28.63381,0,0,0,0,0,0,0,0,0,0,0,0,0,0,0,0,0,0,0,0
1724849750,,0,21.02154,8.123915,30.20208,28.84014,0,0,0,0,0,0,0,0,0,0,0,0,0,0,0,0,0,0,0,0
1724849751,,4.200623,21.05311,8.068581,30.18377,29.0052,0,0,0,0,0,0,0,0,0,0,0,0,0,0,0,0,0,0,0,0
1724849752,,0,21.10047,7.98558,30.17312,28.77114,0,0,0,0,0,0,0,0,0,0,0,0,0,0,0,0,0,0,0,0
1724849753,,0,20.96075,8.002772,30.22342,28.59393,0,0,0,0,0,0,0,0,0,0,0,0,0,0,0,0,0,0,0,0
1724849754,,3.927624,20.95822,8.007758,30.49266,28.80453,0,0,0,0,0,0,0,0,0,0,0,0,0,0,0,0,0,0,0,0
1724849755,,0,20.95654,7.984438,30.10055,28.65607,0,0,0,0,0,0,0,0,0,0,0,0,0,0,0,0,0,0,0,0
1724849756,,0,21.18429,7.94946,30.48668,28.7537,0,0,0,0,0,0,0,0,0,0,0,0,0,0,0,0,0,0,0,0
1724849757,,4.219766,21.10832,7.998369,30.36526,28.44705,0,0,0,0,0,0,0,0,0,0,0,0,0,0,0,0,0,0,0,0
1724849758,,0,21.10832,8.027016,30.33922,28.50303,0,0,0,0,0,0,0,0,0,0,0,0,0,0,0,0,0,0,0,0
1724849759,,0.725771,20.92809,8.060026,30.24533,28.46563,0,0,0,0,0,0,0,0,0,0,0,0,0,0,0,0,0,0,0,0
1724849760,,3.628853,21.1154,8.093038,30.20136,28.33223,0,0,0,0,0,0,0,0,0,0,0,0,0,0,0,0,0,0,0,0
1724849761,,0,21.09144,8.011836,30.44092,28.71466,0,0,0,0,0,0,0,0,0,0,0,0,0,0,0,0,0,0,0,0
1724849762,,3.111489,20.99559,8.228815,30.26103,28.37843,0,0,0,0,0,0,0,0,0,0,0,0,0,0,0,0,0,0,0,0
1724849763,,1.659461,20.9723,8.164079,30.62571,28.80543,0,0,0,0,0,0,0,0,0,0,0,0,0,0,0,0,0,0,0,0
1724849764,,0,21.00934,8.099342,30.724,28.98316,0,0,0,0,0,0,0,0,0,0,0,0,0,0,0,0,0,0,0,0
1724849765,,4.135822,21.15751,8.12857,31.07362,29.07985,0,0,0,0,0,0,0,0,0,0,0,0,0,0,0,0,0,0,0,0
1724849766,,0,21.02873,8.084096,31.2559,29.29555,0,0,0,0,0,0,0,0,0,0,0,0,0,0,0,0,0,0,0,0
1724849767,,0,20.96582,8.119529,31.61644,29.5498,0,0,0,0,0,0,0,0,0,0,0,0,0,0,0,0,0,0,0,0
1724849768,,3.942428,20.92388,8.143151,31.52165,29.53865,0,0,0,0,0,0,0,0,0,0,0,0,0,0,0,0,0,0,0,0
1724849769,,0,20.95507,8.028175,31.33952,29.19419,0,0,0,0,0,0,0,0,0,0,0,0,0,0,0,0,0,0,0,0
1724849770,,1.582051,21.01389,8.017387,31.48084,29.11567,0,0,0,0,0,0,0,0,0,0,0,0,0,0,0,0,0,0,0,0
1724849771,,2.373076,21.0335,8.061025,31.06214,29.04783,0,0,0,0,0,0,0,0,0,0,0,0,0,0,0,0,0,0,0,0
1724849772,,0,20.96394,8.090117,30.78686,28.73491,0,0,0,0,0,0,0,0,0,0,0,0,0,0,0,0,0,0,0,0
1724849773,,4.209821,20.97304,7.988402,30.52132,28.60861,0,0,0,0,0,0,0,0,0,0,0,0,0,0,0,0,0,0,0,0
1724849774,,0,20.97531,8.167416,30.27942,28.45706,0,0,0,0,0,0,0,0,0,0,0,0,0,0,0,0,0,0,0,0
1724849775,,0,20.95154,8.020039,30.38018,28.74516,0,0,0,0,0,0,0,0,0,0,0,0,0,0,0,0,0,0,0,0
1724849776,,3.970956,21.11147,7.921786,30.68578,28.6413,0,0,0,0,0,0,0,0,0,0,0,0,0,0,0,0,0,0,0,0
1724849777,,0,21.11147,8.067236,30.65571,28.67214,0,0,0,0,0,0,0,0,0,0,0,0,0,0,0,0,0,0,0,0
1724849778,,1.550136,20.97186,7.968961,30.51533,28.65621,0,0,0,0,0,0,0,0,0,0,0,0,0,0,0,0,0,0,0,0
1724849779,,2.325203,20.99793,7.984505,30.50426,28.60323,0,0,0,0,0,0,0,0,0,0,0,0,0,0,0,0,0,0,0,0
1724849780,,0,21.14202,7.994868,30.4932,28.47444,0,0,0,0,0,0,0,0,0,0,0,0,0,0,0,0,0,0,0,0
1724849781,,3.963872,21.35817,7.95394,30.54385,28.32209,0,0,0,0,0,0,0,0,0,0,0,0,0,0,0,0,0,0,0,0
1724849782,,0,21.13893,8.227964,30.57206,28.46033,0,0,0,0,0,0,0,0,0,0,0,0,0,0,0,0,0,0,0,0
1724849783,,0.800164,21.11037,8.292561,30.30912,28.45399,0,0,0,0,0,0,0,0,0,0,0,0,0,0,0,0,0,0,0,0
1724849784,,4.000821,21.08181,8.27883,30.38972,28.76195,0,0,0,0,0,0,0,0,0,0,0,0,0,0,0,0,0,0,0,0
1724849785,,0,21.25745,8.051649,30.52949,28.68163,0,0,0,0,0,0,0,0,0,0,0,0,0,0,0,0,0,0,0,0
1724849786,,3.250827,21.08088,7.970902,30.51224,28.86715,0,0,0,0,0,0,0,0,0,0,0,0,0,0,0,0,0,0,0,0
1724849787,,1.015884,20.96316,7.979759,30.22876,28.66309,0,0,0,0,0,0,0,0,0,0,0,0,0,0,0,0,0,0,0,0
1724849788,,0,21.15882,8.000009,30.29462,28.88145,0,0,0,0,0,0,0,0,0,0,0,0,0,0,0,0,0,0,0,0
1724849789,,4.094038,21.10998,8.057389,30.41043,28.63084,0,0,0,0,0,0,0,0,0,0,0,0,0,0,0,0,0,0,0,0
1724849790,,0,21.10998,8.183367,30.53331,28.72832,0,0,0,0,0,0,0,0,0,0,0,0,0,0,0,0,0,0,0,0
1724849791,,3.067615,21.2509,8.059389,30.40917,28.71219,0,0,0,0,0,0,0,0,0,0,0,0,0,0,0,0,0,0,0,0
1724849792,,1.636061,21.03133,7.997508,30.33528,28.80145,0,0,0,0,0,0,0,0,0,0,0,0,0,0,0,0,0,0,0,0
1724849793,,0,21.01768,7.915286,30.32273,28.59637,0,0,0,0,0,0,0,0,0,0,0,0,0,0,0,0,0,0,0,0
1724849794,,4.030566,20.96308,8.081389,30.51878,28.5786,0,0,0,0,0,0,0,0,0,0,0,0,0,0,0,0,0,0,0,0
1724849795,,0,20.81404,8.108286,30.5117,28.61974,0,0,0,0,0,0,0,0,0,0,0,0,0,0,0,0,0,0,0,0
1724849796,,4.690156,20.84406,8.10305,30.49737,28.59879,0,0,0,0,0,0,0,0,0,0,0,0,0,0,0,0,0,0,0,0
1724849797,,0,20.9341,8.046244,30.31771,28.8161,0,0,0,0,0,0,0,0,0,0,0,0,0,0,0,0,0,0,0,0
1724849798,,0,21.04981,8.075174,30.42991,28.78365,0,0,0,0,0,0,0,0,0,0,0,0,0,0,0,0,0,0,0,0
1724849799,,4.240811,20.94025,7.9458,30.51406,28.75645,0,0,0,0,0,0,0,0,0,0,0,0,0,0,0,0,0,0,0,0
1724849800,,0,20.77591,9.969231,30.34766,28.87984,0,0,0,0,0,0,0,0,0,0,0,0,0,0,0,0,0,0,0,0
1724849801,,6.489956,21.19741,13.84566,30.40268,28.80436,0,0,0,0,0,0,0,0,0,0,0,0,0,0,0,0,0,0,0,0
1724849802,,6.208805,21.15234,13.02796,30.49048,28.63688,0,0,0,0,0,0,0,0,0,0,0,0,0,0,0,0,0,0,0,0
1724849803,,4.34031,21.1223,8.458101,30.3944,28.69247,0,0,0,0,0,0,0,0,0,0,0,0,0,0,0,0,0,0,0,0
1724849804,,0,20.7953,8.331969,30.33779,28.40159,0,0,0,0,0,0,0,0,0,0,0,0,0,0,0,0,0,0,0,0
1724849805,,4.151551,21.01228,8.205838,30.3299,28.44721,0,0,0,0,0,0,0,0,0,0,0,0,0,0,0,0,0,0,0,0
1724849806,,0,20.95284,7.993814,30.14653,28.44253,0,0,0,0,0,0,0,0,0,0,0,0,0,0,0,0,0,0,0,0
1724849807,,0.803247,20.95284,8.001776,30.03694,28.91978,0,0,0,0,0,0,0,0,0,0,0,0,0,0,0,0,0,0,0,0
1724849808,,0,20.94699,7.976198,30.55458,28.40932,0,0,0,0,0,0,0,0,0,0,0,0,0,0,0,0,0,0,0,0
1724849809,,0,20.84959,7.950621,30.23143,28.29752,0,0,0,0,0,0,0,0,0,0,0,0,0,0,0,0,0,0,0,0
1724849810,,4.16436,20.86201,7.952731,30.27782,28.39869,0,0,0,0,0,0,0,0,0,0,0,0,0,0,0,0,0,0,0,0
1724849811,,0.832872,20.91171,8.35758,30.04996,28.47582,0,0,0,0,0,0,0,0,0,0,0,0,0,0,0,0,0,0,0,0
1724849812,,5.025996,21.19213,8.519176,30.09631,28.33415,0,0,0,0,0,0,0,0,0,0,0,0,0,0,0,0,0,0,0,0
1724849813,,0,21.14429,8.626908,30.04952,28.40883,0,0,0,0,0,0,0,0,0,0,0,0,0,0,0,0,0,0,0,0
1724849814,,4.159129,21.00078,8.132796,30.34227,28.1505,0,0,0,0,0,0,0,0,0,0,0,0,0,0,0,0,0,0,0,0
1724849815,,0.831826,20.88603,8.058364,30.2,28.68163,0,0,0,0,0,0,0,0,0,0,0,0,0,0,0,0,0,0,0,0
1724849816,,0,20.97243,8.017313,30.11615,28.44301,0,0,0,0,0,0,0,0,0,0,0,0,0,0,0,0,0,0,0,0
1724849817,,4.29947,21.10204,8.00705,30.13689,28.46599,0,0,0,0,0,0,0,0,0,0,0,0,0,0,0,0,0,0,0,0
1724849818,,1.074868,20.96015,8.196305,30.25029,28.43435,0,0,0,0,0,0,0,0,0,0,0,0,0,0,0,0,0,0,0,0
1724849819,,1.535933,21.11123,8.100204,30.14834,28.45101,0,0,0,0,0,0,0,0,0,0,0,0,0,0,0,0,0,0,0,0
1724849820,,3.071866,21.21194,8.047466,30.16852,28.55122,0,0,0,0,0,0,0,0,0,0,0,0,0,0,0,0,0,0,0,0
1724849821,,0,21.016,8.034282,30.30402,28.62127,0,0,0,0,0,0,0,0,0,0,0,0,0,0,0,0,0,0,0,0
1724849822,,4.144326,20.87509,8.009526,30.21317,28.69288,0,0,0,0,0,0,0,0,0,0,0,0,0,0,0,0,0,0,0,0
1724849823,,0,20.87509,7.892459,30.15407,28.53662,0,0,0,0,0,0,0,0,0,0,0,0,0,0,0,0,0,0,0,0
1724849824,,0,21.08669,7.90212,30.10615,28.67097,0,0,0,0,0,0,0,0,0,0,0,0,0,0,0,0,0,0,0,0
1724849825,,3.915066,20.77287,7.908561,30.34508,28.48957,0,0,0,0,0,0,0,0,0,0,0,0,0,0,0,0,0,0,0,0
1724849826,,0,20.77287,8.060579,30.72468,28.8891,0,0,0,0,0,0,0,0,0,0,0,0,0,0,0,0,0,0,0,0
1724849827,,1.583203,20.95662,8.101901,30.93861,28.96457,0,0,0,0,0,0,0,0,0,0,0,0,0,0,0,0,0,0,0,0
1724849828,,3.166407,20.92826,8.057327,31.05238,29.34512,0,0,0,0,0,0,0,0,0,0,0,0,0,0,0,0,0,0,0,0
1724849829,,0,20.9473,8.046106,31.131,29.51412,0,0,0,0,0,0,0,0,0,0,0,0,0,0,0,0,0,0,0,0
1724849830,,4.583298,21.02345,8.045794,31.38498,29.51673,0,0,0,0,0,0,0,0,0,0,0,0,0,0,0,0,0,0,0,0
1724849831,,0,20.94355,8.034258,31.44396,29.52995,0,0,0,0,0,0,0,0,0,0,0,0,0,0,0,0,0,0,0,0
1724849832,,0,21.00544,8.123701,31.372,29.38555,0,0,0,0,0,0,0,0,0,0,0,0,0,0,0,0,0,0,0,0
1724849833,,3.788419,21.09829,8.139208,31.31367,29.37453,0,0,0,0,0,0,0,0,0,0,0,0,0,0,0,0,0,0,0,0
1724849834,,0,21.11749,8.111795,31.18489,29.05457,0,0,0,0,0,0,0,0,0,0,0,0,0,0,0,0,0,0,0,0
1724849835,,7.783241,21.17081,7.798223,30.97092,28.8713,0,0,0,0,0,0,0,0,0,0,0,0,0,0,0,0,0,0,0,0
1724849836,,0,21.22412,7.97288,30.82886,29.00715,0,0,0,0,0,0,0,0,0,0,0,0,0,0,0,0,0,0,0,0
1724849837,,0,21.1377,7.975801,30.6942,28.72964,0,0,0,0,0,0,0,0,0,0,0,0,0,0,0,0,0,0,0,0
1724849838,,3.882531,20.95992,7.987481,30.64422,28.88844,0,0,0,0,0,0,0,0,0,0,0,0,0,0,0,0,0,0,0,0
1724849839,,0,20.91548,7.989862,30.60921,28.65638,0,0,0,0,0,0,0,0,0,0,0,0,0,0,0,0,0,0,0,0
1724849840,,2.489712,21.13428,7.872735,30.53344,28.62806,0,0,0,0,0,0,0,0,0,0,0,0,0,0,0,0,0,0,0,0
1724849841,,2.07476,21.09532,7.881048,30.66932,28.773,0,0,0,0,0,0,0,0,0,0,0,0,0,0,0,0,0,0,0,0
1724849842,,0,21.09532,8.070471,30.62799,28.74463,0,0,0,0,0,0,0,0,0,0,0,0,0,0,0,0,0,0,0,0
1724849843,,3.721725,21.37964,8.093001,30.52024,28.82525,0,0,0,0,0,0,0,0,0,0,0,0,0,0,0,0,0,0,0,0
1724849844,,0.744345,21.12659,7.944473,30.50132,28.7505,0,0,0,0,0,0,0,0,0,0,0,0,0,0,0,0,0,0,0,0
1724849845,,0,21.05643,7.907342,30.57302,28.82999,0,0,0,0,0,0,0,0,0,0,0,0,0,0,0,0,0,0,0,0
1724849846,,4.405508,20.77583,7.952506,30.66079,28.93242,0,0,0,0,0,0,0,0,0,0,0,0,0,0,0,0,0,0,0,0
1724849847,,0,21.13201,8.090558,30.93238,28.90581,0,0,0,0,0,0,0,0,0,0,0,0,0,0,0,0,0,0,0,0
1724849848,,0,21.13319,8.008029,30.82936,28.94131,0,0,0,0,0,0,0,0,0,0,0,0,0,0,0,0,0,0,0,0
1724849849,,3.833499,21.13437,7.987398,30.56601,28.7433,0,0,0,0,0,0,0,0,0,0,0,0,0,0,0,0,0,0,0,0
1724849850,,0,21.12834,8.128099,30.47021,28.48682,0,0,0,0,0,0,0,0,0,0,0,0,0,0,0,0,0,0,0,0
1724849851,,2.65091,21.15537,8.087235,30.42398,28.8341,0,0,0,0,0,0,0,0,0,0,0,0,0,0,0,0,0,0,0,0
1724849852,,1.767273,21.1734,8.116549,30.54682,28.9634,0,0,0,0,0,0,0,0,0,0,0,0,0,0,0,0,0,0,0,0
1724849853,,0,21.1314,8.103159,30.61712,28.6923,0,0,0,0,0,0,0,0,0,0,0,0,0,0,0,0,0,0,0,0
1724849854,,3.661304,20.92786,8.041004,30.51623,28.49395,0,0,0,0,0,0,0,0,0,0,0,0,0,0,0,0,0,0,0,0
1724849855,,0.732261,20.87697,8.014677,30.44234,28.74743,0,0,0,0,0,0,0,0,0,0,0,0,0,0,0,0,0,0,0,0
1724849856,,0,21.03176,8.096905,30.3957,28.54799,0,0,0,0,0,0,0,0,0,0,0,0,0,0,0,0,0,0,0,0
1724849857,,4.688452,21.00354,8.126931,30.39353,28.46191,0,0,0,0,0,0,0,0,0,0,0,0,0,0,0,0,0,0,0,0
1724849858,,0,20.97258,8.141137,30.46008,28.37699,0,0,0,0,0,0,0,0,0,0,0,0,0,0,0,0,0,0,0,0
1724849859,,1.765014,20.84874,8.082492,30.38887,28.72816,0,0,0,0,0,0,0,0,0,0,0,0,0,0,0,0,0,0,0,0
1724849860,,3.309402,21.10998,8.183534,30.15936,28.27517,0,0,0,0,0,0,0,0,0,0,0,0,0,0,0,0,0,0,0,0
1724849861,,0,21.10488,8.151049,30.25865,28.45884,0,0,0,0,0,0,0,0,0,0,0,0,0,0,0,0,0,0,0,0
1724849862,,3.769316,21.08957,8.064431,30.38935,28.36253,0,0,0,0,0,0,0,0,0,0,0,0,0,0,0,0,0,0,0,0
1724849863,,0.753863,21.13954,8.100744,30.42554,28.47339,0,0,0,0,0,0,0,0,0,0,0,0,0,0,0,0,0,0,0,0
1724849864,,0,21.12677,8.196583,30.38427,28.52176,0,0,0,0,0,0,0,0,0,0,0,0,0,0,0,0,0,0,0,0
1724849865,,4.066703,21.10762,8.169249,30.49121,28.30735,0,0,0,0,0,0,0,0,0,0,0,0,0,0,0,0,0,0,0,0
1724849866,,0,21.08164,8.128247,30.24961,28.3695,0,0,0,0,0,0,0,0,0,0,0,0,0,0,0,0,0,0,0,0
1724849867,,0,21.0943,8.149135,30.46605,28.53235,0,0,0,0,0,0,0,0,0,0,0,0,0,0,0,0,0,0,0,0
1724849868,,3.721251,21.10274,8.074979,30.27639,28.55937,0,0,0,0,0,0,0,0,0,0,0,0,0,0,0,0,0,0,0,0
1724849869,,0,21.225,7.977898,30.41205,28.50016,0,0,0,0,0,0,0,0,0,0,0,0,0,0,0,0,0,0,0,0
1724849870,,2.989877,21.06423,7.832277,30.42504,28.3855,0,0,0,0,0,0,0,0,0,0,0,0,0,0,0,0,0,0,0,0
1724849871,,1.594601,21.06423,8.047811,30.3308,28.64458,0,0,0,0,0,0,0,0,0,0,0,0,0,0,0,0,0,0,0,0
1724849872,,0,21.19494,7.959792,30.29426,28.64458,0,0,0,0,0,0,0,0,0,0,0,0,0,0,0,0,0,0,0,0
1724849873,,3.759219,20.86511,7.961974,30.39818,28.44802,0,0,0,0,0,0,0,0,0,0,0,0,0,0,0,0,0,0,0,0
1724849874,,0,20.86511,7.965248,30.47835,28.62888,0,0,0,0,0,0,0,0,0,0,0,0,0,0,0,0,0,0,0,0
1724849875,,0,20.87338,8.032092,30.28103,28.72915,0,0,0,0,0,0,0,0,0,0,0,0,0,0,0,0,0,0,0,0
1724849876,,4.012305,21.10256,8.008468,30.17508,28.76377,0,0,0,0,0,0,0,0,0,0,0,0,0,0,0,0,0,0,0,0
1724849877,,0,21.10387,8.014293,30.46532,28.64835,0,0,0,0,0,0,0,0,0,0,0,0,0,0,0,0,0,0,0,0
1724849878,,0.763323,21.10911,8.023031,30.37514,28.79318,0,0,0,0,0,0,0,0,0,0,0,0,0,0,0,0,0,0,0,0
1724849879,,3.053291,21.03159,7.991861,30.36436,28.49298,0,0,0,0,0,0,0,0,0,0,0,0,0,0,0,0,0,0,0,0
1724849880,,0,21.07773,8.083226,30.10497,28.84272,0,0,0,0,0,0,0,0,0,0,0,0,0,0,0,0,0,0,0,0
1724849881,,3.966801,21.1085,8.099158,30.46315,28.84023,0,0,0,0,0,0,0,0,0,0,0,0,0,0,0,0,0,0,0,0
1724849882,,0.79336,21.21106,8.11509,30.64637,28.85086,0,0,0,0,0,0,0,0,0,0,0,0,0,0,0,0,0,0,0,0
1724849883,,0,21.12465,8.162253,30.33044,28.98802,0,0,0,0,0,0,0,0,0,0,0,0,0,0,0,0,0,0,0,0
1724849884,,4.141839,21.09584,8.211649,30.26657,28.61339,0,0,0,0,0,0,0,0,0,0,0,0,0,0,0,0,0,0,0,0
1724849885,,0,21.01202,8.116598,30.39206,28.64649,0,0,0,0,0,0,0,0,0,0,0,0,0,0,0,0,0,0,0,0
1724849886,,2.691001,20.98873,8.021547,30.41259,28.73835,0,0,0,0,0,0,0,0,0,0,0,0,0,0,0,0,0,0,0,0
1724849887,,2.242501,20.9829,8.148213,30.22698,28.73919,0,0,0,0,0,0,0,0,0,0,0,0,0,0,0,0,0,0,0,0
1724849888,,0,20.99603,8.106297,30.29999,28.77526,0,0,0,0,0,0,0,0,0,0,0,0,0,0,0,0,0,0,0,0
1724849889,,3.922652,20.98601,8.054332,30.69973,28.96738,0,0,0,0,0,0,0,0,0,0,0,0,0,0,0,0,0,0,0,0
1724849890,,8.221581,20.98601,8.533995,30.7413,29.15288,0,0,0,0,0,0,0,0,0,0,0,0,0,0,0,0,0,0,0,0
1724849891,,16.89057,21.10204,10.23575,31.21711,29.40624,0,0,0,0,0,0,0,0,0,0,0,0,0,0,0,0,0,0,0,0
1724849892,,3.378114,21.05971,10.44745,31.54801,29.50933,0,0,0,0,0,0,0,0,0,0,0,0,0,0,0,0,0,0,0,0
1724849893,,4.635416,21.03884,16.98158,31.57538,29.40039,0,0,0,0,0,0,0,0,0,0,0,0,0,0,0,0,0,0,0,0
1724849894,,6.180554,21.00752,8.521011,31.61605,29.59674,0,0,0,0,0,0,0,0,0,0,0,0,0,0,0,0,0,0,0,0
1724849895,,0,20.86971,7.96507,31.54626,29.6295,0,0,0,0,0,0,0,0,0,0,0,0,0,0,0,0,0,0,0,0
1724849896,,3.943205,20.96393,7.968415,31.73945,29.66991,0,0,0,0,0,0,0,0,0,0,0,0,0,0,0,0,0,0,0,0
1724849897,,0,21.05815,7.97176,31.30854,29.04464,0,0,0,0,0,0,0,0,0,0,0,0,0,0,0,0,0,0,0,0
1724849898,,3.889285,20.89954,8.172709,31.04805,29.06451,0,0,0,0,0,0,0,0,0,0,0,0,0,0,0,0,0,0,0,0
1724849899,,0,20.96599,8.004166,30.77024,28.94918,0,0,0,0,0,0,0,0,0,0,0,0,0,0,0,0,0,0,0,0
1724849900,,0,21.01029,8.03013,30.54112,28.81354,0,0,0,0,0,0,0,0,0,0,0,0,0,0,0,0,0,0,0,0
1724849901,,3.935044,20.98566,8.038786,30.80997,28.82995,0,0,0,0,0,0,0,0,0,0,0,0,0,0,0,0,0,0,0,0
1724849902,,0,20.8841,7.970926,30.54221,28.70035,0,0,0,0,0,0,0,0,0,0,0,0,0,0,0,0,0,0,0,0
1724849903,,1.02404,20.85871,8.213382,30.56314,28.87712,0,0,0,0,0,0,0,0,0,0,0,0,0,0,0,0,0,0,0,0
1724849904,,3.276928,21.00545,8.123115,30.56295,29.03168,0,0,0,0,0,0,0,0,0,0,0,0,0,0,0,0,0,0,0,0
1724849905,,0,21.21506,8.100548,30.8233,28.83957,0,0,0,0,0,0,0,0,0,0,0,0,0,0,0,0,0,0,0,0
1724849906,,3.169848,21.26746,8.031947,30.59192,28.56899,0,0,0,0,0,0,0,0,0,0,0,0,0,0,0,0,0,0,0,0
1724849907,,1.584924,21.10998,8.156151,30.61292,28.90994,0,0,0,0,0,0,0,0,0,0,0,0,0,0,0,0,0,0,0,0
1724849908,,0,21.14322,8.052474,30.48433,28.50918,0,0,0,0,0,0,0,0,0,0,0,0,0,0,0,0,0,0,0,0
1724849909,,4.162043,21.10118,7.983357,30.55695,28.52719,0,0,0,0,0,0,0,0,0,0,0,0,0,0,0,0,0,0,0,0
1724849910,,0,20.97505,8.030823,30.5413,28.57485,0,0,0,0,0,0,0,0,0,0,0,0,0,0,0,0,0,0,0,0
1724849911,,3.798203,21.0479,8.923836,30.58263,28.61951,0,0,0,0,0,0,0,0,0,0,0,0,0,0,0,0,0,0,0,0
1724849912,,0.949551,21.0313,8.019536,30.47419,28.4439,0,0,0,0,0,0,0,0,0,0,0,0,0,0,0,0,0,0,0,0
1724849913,,0.953346,21.0064,7.79346,30.53094,28.33242,0,0,0,0,0,0,0,0,0,0,0,0,0,0,0,0,0,0,0,0
1724849914,,3.813383,20.89005,8.186645,30.38504,28.51486,0,0,0,0,0,0,0,0,0,0,0,0,0,0,0,0,0,0,0,0
1724849915,,0,21.05268,8.006232,30.49012,28.62375,0,0,0,0,0,0,0,0,0,0,0,0,0,0,0,0,0,0,0,0
1724849916,,3.983089,21.1611,8.091304,30.32183,28.4698,0,0,0,0,0,0,0,0,0,0,0,0,0,0,0,0,0,0,0,0
1724849917,,0.796618,21.08556,8.095844,30.57679,28.50546,0,0,0,0,0,0,0,0,0,0,0,0,0,0,0,0,0,0,0,0
1724849918,,0,20.98847,8.070751,30.49465,28.58799,0,0,0,0,0,0,0,0,0,0,0,0,0,0,0,0,0,0,0,0
1724849919,,4.598602,20.9561,8.047045,30.75457,28.48261,0,0,0,0,0,0,0,0,0,0,0,0,0,0,0,0,0,0,0,0
1724849920,,0,20.98566,8.064096,30.29784,28.37217,0,0,0,0,0,0,0,0,0,0,0,0,0,0,0,0,0,0,0,0
1724849921,,3.238221,21.00354,8.043373,30.3863,28.65719,0,0,0,0,0,0,0,0,0,0,0,0,0,0,0,0,0,0,0,0
1724849922,,1.011944,21.00354,8.005896,30.42504,28.7575,0,0,0,0,0,0,0,0,0,0,0,0,0,0,0,0,0,0,0,0
1724849923,,1.013684,21.11461,7.979977,30.62479,28.88112,0,0,0,0,0,0,0,0,0,0,0,0,0,0,0,0,0,0,0,0
1724849924,,5.06842,20.96316,8.006773,30.37335,28.32278,0,0,0,0,0,0,0,0,0,0,0,0,0,0,0,0,0,0,0,0
1724849925,,0,20.96866,8.014148,30.59794,28.62086,0,0,0,0,0,0,0,0,0,0,0,0,0,0,0,0,0,0,0,0
1724849926,,4.280824,20.99067,8.043648,30.57279,28.63689,0,0,0,0,0,0,0,0,0,0,0,0,0,0,0,0,0,0,0,0
1724849927,,0,21.01643,8.227393,30.24551,28.86565,0,0,0,0,0,0,0,0,0,0,0,0,0,0,0,0,0,0,0,0
1724849928,,1.094429,21.10449,8.206545,30.40322,28.90777,0,0,0,0,0,0,0,0,0,0,0,0,0,0,0,0,0,0,0,0
1724849929,,3.502172,21.23657,8.142439,30.2982,28.40996,0,0,0,0,0,0,0,0,0,0,0,0,0,0,0,0,0,0,0,0
1724849930,,0,20.90605,8.046281,30.52604,28.62136,0,0,0,0,0,0,0,0,0,0,0,0,0,0,0,0,0,0,0,0
1724849931,,4.340251,21.02503,7.976897,30.66396,28.87263,0,0,0,0,0,0,0,0,0,0,0,0,0,0,0,0,0,0,0,0
1724849932,,0,21.144,8.128718,30.25461,28.76443,0,0,0,0,0,0,0,0,0,0,0,0,0,0,0,0,0,0,0,0
1724849933,,0,21.26879,8.074507,30.30124,28.64696,0,0,0,0,0,0,0,0,0,0,0,0,0,0,0,0,0,0,0,0
1724849934,,4.072917,21.10473,7.993191,30.31252,28.52437,0,0,0,0,0,0,0,0,0,0,0,0,0,0,0,0,0,0,0,0
1724849935,,0,21.06371,7.927379,30.15433,28.59764,0,0,0,0,0,0,0,0,0,0,0,0,0,0,0,0,0,0,0,0
1724849936,,1.637162,20.91788,8.051406,30.40286,28.69251,0,0,0,0,0,0,0,0,0,0,0,0,0,0,0,0,0,0,0,0
1724849937,,2.455743,21.04764,7.990548,30.26746,28.71078,0,0,0,0,0,0,0,0,0,0,0,0,0,0,0,0,0,0,0,0
1724849938,,0,21.04764,7.899262,30.52985,28.694,0,0,0,0,0,0,0,0,0,0,0,0,0,0,0,0,0,0,0,0
1724849939,,4.064496,21.23498,7.980012,30.17561,28.68248,0,0,0,0,0,0,0,0,0,0,0,0,0,0,0,0,0,0,0,0
1724849940,,0,21.06676,7.976659,30.04679,28.73276,0,0,0,0,0,0,0,0,0,0,0,0,0,0,0,0,0,0,0,0
1724849941,,0,21.04062,7.97162,30.10814,28.76591,0,0,0,0,0,0,0,0,0,0,0,0,0,0,0,0,0,0,0,0
1724849942,,4.387918,20.93607,7.956503,30.11928,28.66637,0,0,0,0,0,0,0,0,0,0,0,0,0,0,0,0,0,0,0,0
1724849943,,0,21.16014,8.080557,29.98673,28.63002,0,0,0,0,0,0,0,0,0,0,0,0,0,0,0,0,0,0,0,0
1724849944,,4.124305,21.14498,8.042265,30.25211,28.59833,0,0,0,0,0,0,0,0,0,0,0,0,0,0,0,0,0,0,0,0
1724849945,,0,21.12982,8.11426,30.19337,28.7415,0,0,0,0,0,0,0,0,0,0,0,0,0,0,0,0,0,0,0,0
1724849946,,0,20.93607,8.186255,30.28211,28.7191,0,0,0,0,0,0,0,0,0,0,0,0,0,0,0,0,0,0,0,0
1724849947,,3.877711,20.95817,8.032963,30.25982,28.75452,0,0,0,0,0,0,0,0,0,0,0,0,0,0,0,0,0,0,0,0
1724849948,,0,20.9729,8.139597,30.30607,28.78557,0,0,0,0,0,0,0,0,0,0,0,0,0,0,0,0,0,0,0,0
1724849949,,2.923944,20.97497,8.115201,30.35932,28.71647,0,0,0,0,0,0,0,0,0,0,0,0,0,0,0,0,0,0,0,0
1724849950,,1.559437,20.85499,8.098936,30.25479,28.58072,0,0,0,0,0,0,0,0,0,0,0,0,0,0,0,0,0,0,0,0
1724849951,,0,20.825,7.978759,30.26635,28.60992,0,0,0,0,0,0,0,0,0,0,0,0,0,0,0,0,0,0,0,0
1724849952,,3.884463,21.09052,8.035613,30.57359,28.85136,0,0,0,0,0,0,0,0,0,0,0,0,0,0,0,0,0,0,0,0
1724849953,,0,21.01672,8.033957,30.73388,28.88529,0,0,0,0,0,0,0,0,0,0,0,0,0,0,0,0,0,0,0,0
1724849954,,0.88282,20.99827,8.031475,31.04561,29.11786,0,0,0,0,0,0,0,0,0,0,0,0,0,0,0,0,0,0,0,0
1724849955,,4.414101,21.07807,8.017411,31.17709,29.35782,0,0,0,0,0,0,0,0,0,0,0,0,0,0,0,0,0,0,0,0
1724849956,,0,21.1426,7.956836,31.42628,29.48027,0,0,0,0,0,0,0,0,0,0,0,0,0,0,0,0,0,0,0,0
1724849957,,2.843785,21.1426,7.932978,31.168,29.3378,0,0,0,0,0,0,0,0,0,0,0,0,0,0,0,0,0,0,0,0
1724849958,,1.516685,20.92174,7.897192,31.31007,29.25981,0,0,0,0,0,0,0,0,0,0,0,0,0,0,0,0,0,0,0,0
1724849959,,0,20.94785,8.041647,31.21046,29.30483,0,0,0,0,0,0,0,0,0,0,0,0,0,0,0,0,0,0,0,0
1724849960,,3.971154,20.94884,7.960101,30.99272,29.16091,0,0,0,0,0,0,0,0,0,0,0,0,0,0,0,0,0,0,0,0
1724849961,,0,20.95034,7.928613,30.77227,28.83541,0,0,0,0,0,0,0,0,0,0,0,0,0,0,0,0,0,0,0,0
1724849962,,0,21.17102,7.881381,30.67972,28.62479,0,0,0,0,0,0,0,0,0,0,0,0,0,0,0,0,0,0,0,0
1724849963,,3.76922,21.24886,8.206407,30.47238,28.43824,0,0,0,0,0,0,0,0,0,0,0,0,0,0,0,0,0,0,0,0
1724849964,,0,21.30075,7.896221,30.44721,28.19612,0,0,0,0,0,0,0,0,0,0,0,0,0,0,0,0,0,0,0,0
1724849965,,1.346758,21.31677,7.968145,30.48722,28.48591,0,0,0,0,0,0,0,0,0,0,0,0,0,0,0,0,0,0,0,0
1724849966,,2.020137,21.16812,8.076031,30.69505,28.77103,0,0,0,0,0,0,0,0,0,0,0,0,0,0,0,0,0,0,0,0
1724849967,,0,21.06902,8.044509,30.42006,28.58544,0,0,0,0,0,0,0,0,0,0,0,0,0,0,0,0,0,0,0,0
1724849968,,4.109622,20.99542,8.10541,30.50227,28.40658,0,0,0,0,0,0,0,0,0,0,0,0,0,0,0,0,0,0,0,0
1724849969,,0.821924,21.22306,8.04289,30.55649,28.59262,0,0,0,0,0,0,0,0,0,0,0,0,0,0,0,0,0,0,0,0
1724849970,,0,21.22306,7.980371,30.47528,28.2849,0,0,0,0,0,0,0,0,0,0,0,0,0,0,0,0,0,0,0,0
1724849971,,3.759269,21.11723,8.049365,30.48082,28.67293,0,0,0,0,0,0,0,0,0,0,0,0,0,0,0,0,0,0,0,0
1724849972,,0,21.16971,8.072755,30.50321,28.59131,0,0,0,0,0,0,0,0,0,0,0,0,0,0,0,0,0,0,0,0
1724849973,,1.76108,21.17868,8.024558,30.47841,28.62626,0,0,0,0,0,0,0,0,0,0,0,0,0,0,0,0,0,0,0,0
1724849974,,3.302026,21.21459,7.976361,30.62773,28.63297,0,0,0,0,0,0,0,0,0,0,0,0,0,0,0,0,0,0,0,0
1724849975,,0,21.26268,8.027076,30.59675,28.78442,0,0,0,0,0,0,0,0,0,0,0,0,0,0,0,0,0,0,0,0
1724849976,,3.718145,21.14627,8.009634,30.56879,28.50999,0,0,0,0,0,0,0,0,0,0,0,0,0,0,0,0,0,0,0,0
1724849977,,0.743629,21.06867,7.973473,30.63937,28.69214,0,0,0,0,0,0,0,0,0,0,0,0,0,0,0,0,0,0,0,0
1724849978,,0,21.17146,7.937311,30.68018,28.57859,0,0,0,0,0,0,0,0,0,0,0,0,0,0,0,0,0,0,0,0
1724849979,,3.704791,21.2319,7.934419,30.68968,28.75832,0,0,0,0,0,0,0,0,0,0,0,0,0,0,0,0,0,0,0,0
1724849980,,0,21.25205,7.946061,30.53401,28.71892,0,0,0,0,0,0,0,0,0,0,0,0,0,0,0,0,0,0,0,0
1724849981,,0,21.2138,8.017435,30.47988,28.71672,0,0,0,0,0,0,0,0,0,0,0,0,0,0,0,0,0,0,0,0
1724849982,,3.878184,21.11697,8.065016,30.45578,28.67966,0,0,0,0,0,0,0,0,0,0,0,0,0,0,0,0,0,0,0,0
1724849983,,0,21.11697,8.053606,30.52696,28.70116,0,0,0,0,0,0,0,0,0,0,0,0,0,0,0,0,0,0,0,0
1724849984,,0.998858,21.02925,8.185287,30.58659,28.7173,0,0,0,0,0,0,0,0,0,0,0,0,0,0,0,0,0,0,0,0
1724849985,,3.196345,21.1202,8.084735,30.45054,28.71336,0,0,0,0,0,0,0,0,0,0,0,0,0,0,0,0,0,0,0,0
1724849986,,0,21.14441,8.017701,30.37811,28.70828,0,0,0,0,0,0,0,0,0,0,0,0,0,0,0,0,0,0,0,0
1724849987,,3.075647,21.24126,8.019714,30.39968,28.71602,0,0,0,0,0,0,0,0,0,0,0,0,0,0,0,0,0,0,0,0
1724849988,,0.96114,21.36192,8.262172,30.49713,29.30223,0,0,0,0,0,0,0,0,0,0,0,0,0,0,0,0,0,0,0,0
1724849989,,0,21.13307,8.096252,30.45322,28.92028,0,0,0,0,0,0,0,0,0,0,0,0,0,0,0,0,0,0,0,0
1724849990,,4.31244,20.78979,7.98564,30.44048,28.80427,0,0,0,0,0,0,0,0,0,0,0,0,0,0,0,0,0,0,0,0
1724849991,,0,21.07981,7.975908,30.46367,28.88428,0,0,0,0,0,0,0,0,0,0,0,0,0,0,0,0,0,0,0,0
1724849992,,0,20.96833,8.193737,30.46991,28.75931,0,0,0,0,0,0,0,0,0,0,0,0,0,0,0,0,0,0,0,0
1724849993,,3.771501,20.93118,8.100657,30.34813,28.57208,0,0,0,0,0,0,0,0,0,0,0,0,0,0,0,0,0,0,0,0
1724849994,,0,21.23763,8.047209,30.28427,28.66588,0,0,0,0,0,0,0,0,0,0,0,0,0,0,0,0,0,0,0,0
1724849995,,2.350229,20.97737,8.081622,30.41319,28.81288,0,0,0,0,0,0,0,0,0,0,0,0,0,0,0,0,0,0,0,0
1724849996,,2.350229,20.91231,8.152735,30.24698,28.94249,0,0,0,0,0,0,0,0,0,0,0,0,0,0,0,0,0,0,0,0
1724849997,,0,21.25958,8.066442,30.29493,28.43285,0,0,0,0,0,0,0,0,0,0,0,0,0,0,0,0,0,0,0,0
1724849998,,2.999766,21.06841,8.039466,30.37338,28.81288,0,0,0,0,0,0,0,0,0,0,0,0,0,0,0,0,0,0,0,0
1724849999,,0.749941,21.06841,8.161679,30.24763,28.8147,0,0,0,0,0,0,0,0,0,0,0,0,0,0,0,0,0,0,0,0
1724850000,,1.080553,20.95843,8.950625,30.19075,28.56736,0,0,0,0,0,0,0,0,0,0,0,0,0,0,0,0,0,0,0,0
1724850001,,5.402764,21.11618,8.415522,30.28241,28.66107,0,0,0,0,0,0,0,0,0,0,0,0,0,0,0,0,0,0,0,0
1724850002,,0,21.03827,8.163572,30.57022,28.74551,0,0,0,0,0,0,0,0,0,0,0,0,0,0,0,0,0,0,0,0
1724850003,,1.902087,20.92139,7.986309,30.20758,28.659,0,0,0,0,0,0,0,0,0,0,0,0,0,0,0,0,0,0,0,0
1724850004,,2.282505,21.14602,7.942854,30.10699,28.51714,0,0,0,0,0,0,0,0,0,0,0,0,0,0,0,0,0,0,0,0
1724850005,,0,21.1301,8.13359,30.14618,28.50846,0,0,0,0,0,0,0,0,0,0,0,0,0,0,0,0,0,0,0,0
1724850006,,4.11386,21.11417,8.053911,30.40737,28.64898,0,0,0,0,0,0,0,0,0,0,0,0,0,0,0,0,0,0,0,0
1724850007,,0,20.98351,7.934395,30.23892,28.56391,0,0,0,0,0,0,0,0,0,0,0,0,0,0,0,0,0,0,0,0
1724850008,,0,21.00316,7.964344,30.21185,28.49893,0,0,0,0,0,0,0,0,0,0,0,0,0,0,0,0,0,0,0,0
1724850009,,3.641786,21.01626,8.05801,30.2252,28.57941,0,0,0,0,0,0,0,0,0,0,0,0,0,0,0,0,0,0,0,0
1724850010,,0,20.96377,8.012147,30.26121,28.35596,0,0,0,0,0,0,0,0,0,0,0,0,0,0,0,0,0,0,0,0
1724850011,,0.996496,21.13105,7.943351,30.04556,28.58968,0,0,0,0,0,0,0,0,0,0,0,0,0,0,0,0,0,0,0,0
1724850012,,3.188788,21.17287,8.072205,30.53912,28.79152,0,0,0,0,0,0,0,0,0,0,0,0,0,0,0,0,0,0,0,0
1724850013,,0,21.14874,7.978079,30.33295,28.60992,0,0,0,0,0,0,0,0,0,0,0,0,0,0,0,0,0,0,0,0
1724850014,,3.095384,20.95043,7.973265,30.54167,28.30599,0,0,0,0,0,0,0,0,0,0,0,0,0,0,0,0,0,0,0,0
1724850015,,0.967308,20.97566,7.966044,30.71186,28.86332,0,0,0,0,0,0,0,0,0,0,0,0,0,0,0,0,0,0,0,0
1724850016,,0,21.07659,8.124323,31.08209,29.07935,0,0,0,0,0,0,0,0,0,0,0,0,0,0,0,0,0,0,0,0
1724850017,,4.117927,20.90691,8.064016,31.05725,29.03319,0,0,0,0,0,0,0,0,0,0,0,0,0,0,0,0,0,0,0,0
1724850018,,0,20.94023,8.038016,31.2618,29.29709,0,0,0,0,0,0,0,0,0,0,0,0,0,0,0,0,0,0,0,0
1724850019,,0,21.04018,8.012016,31.40551,29.64523,0,0,0,0,0,0,0,0,0,0,0,0,0,0,0,0,0,0,0,0
1724850020,,4.071592,21.08834,7.881718,31.49398,29.52682,0,0,0,0,0,0,0,0,0,0,0,0,0,0,0,0,0,0,0,0
1724850021,,0,21.05543,8.129957,31.40849,29.50075,0,0,0,0,0,0,0,0,0,0,0,0,0,0,0,0,0,0,0,0
1724850022,,2.277643,21.00605,8.131904,31.48075,29.27057,0,0,0,0,0,0,0,0,0,0,0,0,0,0,0,0,0,0,0,0
1724850023,,2.277643,21.07702,8.13385,31.15044,28.8991,0,0,0,0,0,0,0,0,0,0,0,0,0,0,0,0,0,0,0,0
1724850024,,0,21.07034,8.022199,30.78972,28.66162,0,0,0,0,0,0,0,0,0,0,0,0,0,0,0,0,0,0,0,0
1724850025,,4.016726,21.06589,8.047895,30.82404,28.22104,0,0,0,0,0,0,0,0,0,0,0,0,0,0,0,0,0,0,0,0
1724850026,,0,20.90442,8.11771,30.61134,28.59588,0,0,0,0,0,0,0,0,0,0,0,0,0,0,0,0,0,0,0,0
1724850027,,0,21.11987,8.164252,30.62406,28.49087,0,0,0,0,0,0,0,0,0,0,0,0,0,0,0,0,0,0,0,0
1724850028,,4.114944,21.19168,7.945363,30.57497,28.48731,0,0,0,0,0,0,0,0,0,0,0,0,0,0,0,0,0,0,0,0
1724850029,,0,20.9943,8.214457,30.45714,28.73227,0,0,0,0,0,0,0,0,0,0,0,0,0,0,0,0,0,0,0,0
1724850030,,3.144685,21.14541,8.090892,30.57042,28.60946,0,0,0,0,0,0,0,0,0,0,0,0,0,0,0,0,0,0,0,0
1724850031,,1.677165,21.14541,8.008516,30.58135,28.78336,0,0,0,0,0,0,0,0,0,0,0,0,0,0,0,0,0,0,0,0
1724850032,,0,21.14374,7.994281,30.48542,28.75166,0,0,0,0,0,0,0,0,0,0,0,0,0,0,0,0,0,0,0,0
1724850033,,3.788451,21.10212,7.919281,30.64253,28.6774,0,0,0,0,0,0,0,0,0,0,0,0,0,0,0,0,0,0,0,0
1724850034,,0,21.09356,7.975421,30.59466,28.75037,0,0,0,0,0,0,0,0,0,0,0,0,0,0,0,0,0,0,0,0
1724850035,,0,21.05928,8.012847,30.69239,28.77195,0,0,0,0,0,0,0,0,0,0,0,0,0,0,0,0,0,0,0,0
1724850036,,3.99274,20.95852,8.161267,30.57716,28.84449,0,0,0,0,0,0,0,0,0,0,0,0,0,0,0,0,0,0,0,0
1724850037,,0,20.97694,7.909135,30.53494,28.93514,0,0,0,0,0,0,0,0,0,0,0,0,0,0,0,0,0,0,0,0
1724850038,,1.006075,21.00458,7.955138,30.72731,28.84106,0,0,0,0,0,0,0,0,0,0,0,0,0,0,0,0,0,0,0,0
1724850039,,3.219441,21.1426,7.985807,30.72713,28.84455,0,0,0,0,0,0,0,0,0,0,0,0,0,0,0,0,0,0,0,0
1724850040,,0,20.98391,7.942098,30.4016,28.70972,0,0,0,0,0,0,0,0,0,0,0,0,0,0,0,0,0,0,0,0
1724850041,,4.098993,20.93101,7.993442,30.54021,28.94249,0,0,0,0,0,0,0,0,0,0,0,0,0,0,0,0,0,0,0,0
1724850042,,0,21.01565,8.04202,30.43208,28.86781,0,0,0,0,0,0,0,0,0,0,0,0,0,0,0,0,0,0,0,0
1724850043,,0,20.92338,8.074405,30.62497,28.68836,0,0,0,0,0,0,0,0,0,0,0,0,0,0,0,0,0,0,0,0
1724850044,,3.934224,20.90031,8.046864,30.44724,28.70611,0,0,0,0,0,0,0,0,0,0,0,0,0,0,0,0,0,0,0,0
1724850045,,0,20.89629,7.915872,30.51515,28.63329,0,0,0,0,0,0,0,0,0,0,0,0,0,0,0,0,0,0,0,0
1724850046,,0.995484,21.04981,7.933449,30.22271,28.69953,0,0,0,0,0,0,0,0,0,0,0,0,0,0,0,0,0,0,0,0
1724850047,,3.185547,21.04981,7.939307,30.1955,28.84837,0,0,0,0,0,0,0,0,0,0,0,0,0,0,0,0,0,0,0,0
1724850048,,0,21.09244,8.009237,30.5324,28.9001,0,0,0,0,0,0,0,0,0,0,0,0,0,0,0,0,0,0,0,0
1724850049,,4.649138,20.85573,8.099637,30.56295,28.73112,0,0,0,0,0,0,0,0,0,0,0,0,0,0,0,0,0,0,0,0
1724850050,,0,20.91186,7.974086,30.27246,28.75116,0,0,0,0,0,0,0,0,0,0,0,0,0,0,0,0,0,0,0,0
1724850051,,2.503721,21.13639,7.932235,30.48831,28.82196,0,0,0,0,0,0,0,0,0,0,0,0,0,0,0,0,0,0,0,0
1724850052,,2.503721,21.11845,8.121243,30.29301,28.83244,0,0,0,0,0,0,0,0,0,0,0,0,0,0,0,0,0,0,0,0
1724850053,,0,21.21254,8.070275,30.39512,28.89186,0,0,0,0,0,0,0,0,0,0,0,0,0,0,0,0,0,0,0,0
1724850054,,4.080825,21.30662,8.018147,30.49828,28.82004,0,0,0,0,0,0,0,0,0,0,0,0,0,0,0,0,0,0,0,0
1724850055,,0,21.18236,8.005115,30.30267,28.81304,0,0,0,0,0,0,0,0,0,0,0,0,0,0,0,0,0,0,0,0
1724850056,,0.905216,21.16271,8.164402,30.6005,28.86729,0,0,0,0,0,0,0,0,0,0,0,0,0,0,0,0,0,0,0,0
1724850057,,3.620863,21.14961,9.897059,30.2325,28.80723,0,0,0,0,0,0,0,0,0,0,0,0,0,0,0,0,0,0,0,0
1724850058,,0,21.17972,8.210056,30.49429,28.72268,0,0,0,0,0,0,0,0,0,0,0,0,0,0,0,0,0,0,0,0
1724850059,,4.465297,21.1663,8.143148,30.25193,28.83824,0,0,0,0,0,0,0,0,0,0,0,0,0,0,0,0,0,0,0,0
1724850060,,0,21.16295,8.098543,30.09649,28.40368,0,0,0,0,0,0,0,0,0,0,0,0,0,0,0,0,0,0,0,0
1724850061,,3.61041,20.9842,8.066333,30.3247,28.76888,0,0,0,0,0,0,0,0,0,0,0,0,0,0,0,0,0,0,0,0
1724850062,,1.925552,20.99387,8.059289,30.16727,28.5532,0,0,0,0,0,0,0,0,0,0,0,0,0,0,0,0,0,0,0,0
1724850063,,0,20.99387,8.175864,30.32649,28.73853,0,0,0,0,0,0,0,0,0,0,0,0,0,0,0,0,0,0,0,0
1724850064,,4.281315,20.84457,8.214723,30.41548,28.65015,0,0,0,0,0,0,0,0,0,0,0,0,0,0,0,0,0,0,0,0
1724850065,,0,21.11068,7.998896,30.19283,28.55288,0,0,0,0,0,0,0,0,0,0,0,0,0,0,0,0,0,0,0,0
1724850066,,2.617019,21.15007,8.14524,30.364,28.42962,0,0,0,0,0,0,0,0,0,0,0,0,0,0,0,0,0,0,0,0
1724850067,,2.180849,21.26826,7.988062,30.12582,28.61188,0,0,0,0,0,0,0,0,0,0,0,0,0,0,0,0,0,0,0,0
1724850068,,0,20.74972,7.93567,30.08114,28.32487,0,0,0,0,0,0,0,0,0,0,0,0,0,0,0,0,0,0,0,0
1724850069,,4.107059,20.82832,8.039125,30.1662,28.89194,0,0,0,0,0,0,0,0,0,0,0,0,0,0,0,0,0,0,0,0
1724850070,,0,20.94621,8.009106,30.58591,28.56573,0,0,0,0,0,0,0,0,0,0,0,0,0,0,0,0,0,0,0,0
1724850071,,1.10743,21.05572,8.072295,30.1875,28.71663,0,0,0,0,0,0,0,0,0,0,0,0,0,0,0,0,0,0,0,0
1724850072,,3.543777,21.24105,8.120837,30.32452,28.30839,0,0,0,0,0,0,0,0,0,0,0,0,0,0,0,0,0,0,0,0
1724850073,,0,21.3646,8.251818,30.17863,28.4117,0,0,0,0,0,0,0,0,0,0,0,0,0,0,0,0,0,0,0,0
1724850074,,4.205631,21.1476,7.930383,30.2948,28.4156,0,0,0,0,0,0,0,0,0,0,0,0,0,0,0,0,0,0,0,0
1724850075,,0,21.32568,8.08607,30.22289,28.82119,0,0,0,0,0,0,0,0,0,0,0,0,0,0,0,0,0,0,0,0
1724850076,,2.750921,21.32568,8.124991,30.43641,28.80014,0,0,0,0,0,0,0,0,0,0,0,0,0,0,0,0,0,0,0,0
1724850077,,2.750921,21.17911,8.125635,30.25318,28.65112,0,0,0,0,0,0,0,0,0,0,0,0,0,0,0,0,0,0,0,0
1724850078,,0,21.25267,8.088742,30.71499,28.76573,0,0,0,0,0,0,0,0,0,0,0,0,0,0,0,0,0,0,0,0
1724850079,,3.982388,21.19515,7.878174,30.8183,29.00023,0,0,0,0,0,0,0,0,0,0,0,0,0,0,0,0,0,0,0,0
1724850080,,0,20.96506,7.825532,31.20742,29.06314,0,0,0,0,0,0,0,0,0,0,0,0,0,0,0,0,0,0,0,0
1724850081,,0,21.12834,8.298871,31.3158,29.37099,0,0,0,0,0,0,0,0,0,0,0,0,0,0,0,0,0,0,0,0
1724850082,,4.058061,21.11583,8.19263,31.55112,29.4864,0,0,0,0,0,0,0,0,0,0,0,0,0,0,0,0,0,0,0,0
1724850083,,0,21.09706,8.042099,31.70239,29.71811,0,0,0,0,0,0,0,0,0,0,0,0,0,0,0,0,0,0,0,0
1724850084,,3.18698,21.15347,8.039041,31.42724,29.73263,0,0,0,0,0,0,0,0,0,0,0,0,0,0,0,0,0,0,0,0
1724850085,,1.59349,21.24275,8.142766,31.48142,29.43471,0,0,0,0,0,0,0,0,0,0,0,0,0,0,0,0,0,0,0,0
1724850086,,0,21.30227,8.033931,31.32957,29.52786,0,0,0,0,0,0,0,0,0,0,0,0,0,0,0,0,0,0,0,0
1724850087,,4.043317,20.93367,7.946163,31.00658,29.33447,0,0,0,0,0,0,0,0,0,0,0,0,0,0,0,0,0,0,0,0
1724850088,,0,21.05079,7.952092,30.81238,28.92729,0,0,0,0,0,0,0,0,0,0,0,0,0,0,0,0,0,0,0,0
1724850089,,0,21.08983,7.993897,30.83108,28.56443,0,0,0,0,0,0,0,0,0,0,0,0,0,0,0,0,0,0,0,0
1724850090,,3.849905,20.95163,7.993981,30.73854,28.77566,0,0,0,0,0,0,0,0,0,0,0,0,0,0,0,0,0,0,0,0
1724850091,,0,21.02039,7.999364,30.6215,28.76063,0,0,0,0,0,0,0,0,0,0,0,0,0,0,0,0,0,0,0,0
1724850092,,3.849233,21.0373,7.98796,30.81385,28.70249,0,0,0,0,0,0,0,0,0,0,0,0,0,0,0,0,0,0,0,0
1724850093,,0.769847,21.03619,7.970854,30.46442,28.56899,0,0,0,0,0,0,0,0,0,0,0,0,0,0,0,0,0,0,0,0
1724850094,,0,21.09,7.973809,30.61474,28.62005,0,0,0,0,0,0,0,0,0,0,0,0,0,0,0,0,0,0,0,0
1724850095,,3.908139,21.05875,7.982007,30.52985,28.92929,0,0,0,0,0,0,0,0,0,0,0,0,0,0,0,0,0,0,0,0
1724850096,,0,20.93375,7.98606,30.5117,28.8036,0,0,0,0,0,0,0,0,0,0,0,0,0,0,0,0,0,0,0,0
1724850097,,0,20.9561,7.992137,30.55149,28.95988,0,0,0,0,0,0,0,0,0,0,0,0,0,0,0,0,0,0,0,0
1724850098,,3.745174,20.95755,8.024455,30.79721,28.95888,0,0,0,0,0,0,0,0,0,0,0,0,0,0,0,0,0,0,0,0
1724850099,,0,20.95972,8.089503,30.64564,28.702,0,0,0,0,0,0,0,0,0,0,0,0,0,0,0,0,0,0,0,0
1724850100,,1.905162,21.05259,8.027875,30.51279,28.79216,0,0,0,0,0,0,0,0,0,0,0,0,0,0,0,0,0,0,0,0
1724850101,,2.286195,21.1559,7.935433,30.48741,28.83778,0,0,0,0,0,0,0,0,0,0,0,0,0,0,0,0,0,0,0,0
1724850102,,0,21.25922,8.000072,30.43424,28.85063,0,0,0,0,0,0,0,0,0,0,0,0,0,0,0,0,0,0,0,0
1724850103,,3.858028,20.85505,8.024081,30.55967,28.78822,0,0,0,0,0,0,0,0,0,0,0,0,0,0,0,0,0,0,0,0
1724850104,,0.771606,20.93891,7.999463,30.47075,28.75792,0,0,0,0,0,0,0,0,0,0,0,0,0,0,0,0,0,0,0,0
1724850105,,0,20.99482,7.962537,30.34604,28.83473,0,0,0,0,0,0,0,0,0,0,0,0,0,0,0,0,0,0,0,0
1724850106,,3.773254,21.03255,8.083324,30.39872,28.93251,0,0,0,0,0,0,0,0,0,0,0,0,0,0,0,0,0,0,0,0
1724850107,,0,21.10483,8.13838,30.34317,28.94373,0,0,0,0,0,0,0,0,0,0,0,0,0,0,0,0,0,0,0,0
1724850108,,0,21.10483,8.363855,30.42233,28.89555,0,0,0,0,0,0,0,0,0,0,0,0,0,0,0,0,0,0,0,0
1724850109,,3.807803,21.10684,8.589331,30.45614,28.72585,0,0,0,0,0,0,0,0,0,0,0,0,0,0,0,0,0,0,0,0
1724850110,,0,21.05389,7.877586,30.43153,28.9076,0,0,0,0,0,0,0,0,0,0,0,0,0,0,0,0,0,0,0,0
1724850111,,0.734948,21.08332,7.96827,30.37995,28.82663,0,0,0,0,0,0,0,0,0,0,0,0,0,0,0,0,0,0,0,0
1724850112,,3.67474,21.20102,8.056009,30.30142,28.90043,0,0,0,0,0,0,0,0,0,0,0,0,0,0,0,0,0,0,0,0
1724850113,,0,21.13674,8.143747,30.29913,28.9076,0,0,0,0,0,0,0,0,0,0,0,0,0,0,0,0,0,0,0,0
1724850114,,3.906247,21.08163,8.033035,30.3387,28.81453,0,0,0,0,0,0,0,0,0,0,0,0,0,0,0,0,0,0,0,0
1724850115,,0,20.99896,7.84233,30.24606,28.83774,0,0,0,0,0,0,0,0,0,0,0,0,0,0,0,0,0,0,0,0
1724850116,,0,21.14015,7.945558,30.26633,28.69871,0,0,0,0,0,0,0,0,0,0,0,0,0,0,0,0,0,0,0,0
1724850117,,3.842289,21.20331,8.014376,30.24116,28.75073,0,0,0,0,0,0,0,0,0,0,0,0,0,0,0,0,0,0,0,0
1724850118,,3.842289,21.24541,8.235332,30.26004,28.71351,0,0,0,0,0,0,0,0,0,0,0,0,0,0,0,0,0,0,0,0
1724850119,,0.913714,20.97359,8.032286,30.1584,28.68475,0,0,0,0,0,0,0,0,0,0,0,0,0,0,0,0,0,0,0,0
1724850120,,2.923884,20.95354,8.070181,30.18432,28.44559,0,0,0,0,0,0,0,0,0,0,0,0,0,0,0,0,0,0,0,0
1724850121,,0,20.94853,8.095446,30.24944,28.54734,0,0,0,0,0,0,0,0,0,0,0,0,0,0,0,0,0,0,0,0
1724850122,,1.484844,20.81795,8.001248,30.20459,28.61237,0,0,0,0,0,0,0,0,0,0,0,0,0,0,0,0,0,0,0,0
1724850123,,2.784083,20.89758,8.090608,30.15502,28.49356,0,0,0,0,0,0,0,0,0,0,0,0,0,0,0,0,0,0,0,0
1724850124,,0,20.89758,8.186106,30.17668,28.43975,0,0,0,0,0,0,0,0,0,0,0,0,0,0,0,0,0,0,0,0
1724850125,,3.809881,21.16058,8.209981,30.17155,28.42456,0,0,0,0,0,0,0,0,0,0,0,0,0,0,0,0,0,0,0,0
1724850126,,0,20.99508,8.049292,30.16104,28.33407,0,0,0,0,0,0,0,0,0,0,0,0,0,0,0,0,0,0,0,0
1724850127,,0,21.02861,8.00228,30.22118,28.40111,0,0,0,0,0,0,0,0,0,0,0,0,0,0,0,0,0,0,0,0
1724850128,,3.9579,21.16277,7.995603,30.35159,28.57294,0,0,0,0,0,0,0,0,0,0,0,0,0,0,0,0,0,0,0,0
1724850129,,0,21.14786,7.989441,30.43878,28.52625,0,0,0,0,0,0,0,0,0,0,0,0,0,0,0,0,0,0,0,0
1724850130,,0.802775,21.07057,7.971474,30.36403,28.46372,0,0,0,0,0,0,0,0,0,0,0,0,0,0,0,0,0,0,0,0
1724850131,,4.013873,20.95464,8.089945,30.32313,28.61368,0,0,0,0,0,0,0,0,0,0,0,0,0,0,0,0,0,0,0,0
1724850132,,0,21.1433,8.040984,30.41069,28.61547,0,0,0,0,0,0,0,0,0,0,0,0,0,0,0,0,0,0,0,0
1724850133,,3.029436,21.00075,8.025743,30.50963,28.49832,0,0,0,0,0,0,0,0,0,0,0,0,0,0,0,0,0,0,0,0
1724850134,,1.615699,20.90571,8.013738,30.45959,28.49816,0,0,0,0,0,0,0,0,0,0,0,0,0,0,0,0,0,0,0,0
1724850135,,0,20.8921,8.036182,30.53783,28.59115,0,0,0,0,0,0,0,0,0,0,0,0,0,0,0,0,0,0,0,0
1724850136,,4.113357,21.03883,8.025204,30.8095,29.07918,0,0,0,0,0,0,0,0,0,0,0,0,0,0,0,0,0,0,0,0
1724850137,,0,21.08774,7.995841,30.65765,28.43559,0,0,0,0,0,0,0,0,0,0,0,0,0,0,0,0,0,0,0,0
1724850138,,0,21.12694,7.878388,30.52717,28.73771,0,0,0,0,0,0,0,0,0,0,0,0,0,0,0,0,0,0,0,0
1724850139,,3.973178,21.2501,8.037369,30.53611,28.8931,0,0,0,0,0,0,0,0,0,0,0,0,0,0,0,0,0,0,0,0
1724850140,,0,21.18759,8.054263,30.56874,28.86747,0,0,0,0,0,0,0,0,0,0,0,0,0,0,0,0,0,0,0,0
1724850141,,0.745343,20.93753,8.026078,30.70224,29.21137,0,0,0,0,0,0,0,0,0,0,0,0,0,0,0,0,0,0,0,0
1724850142,,2.981373,21.2948,7.913336,31.04058,29.09657,0,0,0,0,0,0,0,0,0,0,0,0,0,0,0,0,0,0,0,0
1724850143,,0,21.24549,8.085751,31.20946,29.43353,0,0,0,0,0,0,0,0,0,0,0,0,0,0,0,0,0,0,0,0
1724850144,,3.342473,21.04825,8.104856,31.45965,29.76866,0,0,0,0,0,0,0,0,0,0,0,0,0,0,0,0,0,0,0,0
1724850145,,1.671236,21.0013,8.103823,31.56438,29.65996,0,0,0,0,0,0,0,0,0,0,0,0,0,0,0,0,0,0,0,0
1724850146,,0,21.03378,8.10227,31.56623,29.7381,0,0,0,0,0,0,0,0,0,0,0,0,0,0,0,0,0,0,0,0
1724850147,,3.990305,21.08251,8.296767,31.50175,29.59639,0,0,0,0,0,0,0,0,0,0,0,0,0,0,0,0,0,0,0,0
1724850148,,0,20.99594,8.137958,31.49254,29.63331,0,0,0,0,0,0,0,0,0,0,0,0,0,0,0,0,0,0,0,0
1724850149,,0,20.92656,8.170137,31.39418,29.28956,0,0,0,0,0,0,0,0,0,0,0,0,0,0,0,0,0,0,0,0
1724850150,,3.789666,20.85718,8.218406,30.98853,28.85586,0,0,0,0,0,0,0,0,0,0,0,0,0,0,0,0,0,0,0,0
1724850151,,0,21.17252,8.094659,30.60455,29.05117,0,0,0,0,0,0,0,0,0,0,0,0,0,0,0,0,0,0,0,0
1724850152,,0.914175,21.07345,8.046705,30.58786,28.90984,0,0,0,0,0,0,0,0,0,0,0,0,0,0,0,0,0,0,0,0
1724850153,,2.925361,21.04868,8.139062,31.07425,28.69656,0,0,0,0,0,0,0,0,0,0,0,0,0,0,0,0,0,0,0,0
1724850154,,0,21.07458,8.231418,30.95799,28.63226,0,0,0,0,0,0,0,0,0,0,0,0,0,0,0,0,0,0,0,0
1724850155,,3.825265,21.12003,8.056075,30.49482,28.79143,0,0,0,0,0,0,0,0,0,0,0,0,0,0,0,0,0,0,0,0
1724850156,,0,21.12003,7.951664,30.41956,28.81286,0,0,0,0,0,0,0,0,0,0,0,0,0,0,0,0,0,0,0,0
1724850157,,0,20.82636,8.068143,30.50368,28.76578,0,0,0,0,0,0,0,0,0,0,0,0,0,0,0,0,0,0,0,0
1724850158,,4.158177,21.06215,8.184622,30.55593,28.87479,0,0,0,0,0,0,0,0,0,0,0,0,0,0,0,0,0,0,0,0
1724850159,,0,21.05655,7.9982,30.51794,28.77351,0,0,0,0,0,0,0,0,0,0,0,0,0,0,0,0,0,0,0,0
1724850160,,0.891172,21.03419,7.951415,30.57648,28.8708,0,0,0,0,0,0,0,0,0,0,0,0,0,0,0,0,0,0,0,0
1724850161,,2.85175,21.19503,7.97025,30.58164,28.85318,0,0,0,0,0,0,0,0,0,0,0,0,0,0,0,0,0,0,0,0
1724850162,,0,21.20518,7.982807,30.48827,28.8142,0,0,0,0,0,0,0,0,0,0,0,0,0,0,0,0,0,0,0,0
1724850163,,4.339852,21.22041,8.319439,30.5806,28.79004,0,0,0,0,0,0,0,0,0,0,0,0,0,0,0,0,0,0,0,0
1724850164,,0.86797,21.13604,7.956195,30.66131,28.95001,0,0,0,0,0,0,0,0,0,0,0,0,0,0,0,0,0,0,0,0
1724850165,,0,21.09301,7.960135,30.54152,28.97612,0,0,0,0,0,0,0,0,0,0,0,0,0,0,0,0,0,0,0,0
1724850166,,3.822177,21.06432,7.962763,30.39144,28.80956,0,0,0,0,0,0,0,0,0,0,0,0,0,0,0,0,0,0,0,0
1724850167,,0,21.00311,7.960339,30.25818,28.80377,0,0,0,0,0,0,0,0,0,0,0,0,0,0,0,0,0,0,0,0
1724850168,,1.64641,21.21183,8.10307,30.26744,28.50367,0,0,0,0,0,0,0,0,0,0,0,0,0,0,0,0,0,0,0,0
1724850169,,2.469615,21.26401,8.086986,30.38279,28.8147,0,0,0,0,0,0,0,0,0,0,0,0,0,0,0,0,0,0,0,0
1724850170,,0,20.99084,8.076262,30.50518,28.82464,0,0,0,0,0,0,0,0,0,0,0,0,0,0,0,0,0,0,0,0
1724850171,,3.933331,20.9518,8.045273,30.55497,28.741,0,0,0,0,0,0,0,0,0,0,0,0,0,0,0,0,0,0,0,0
1724850172,,0.786666,20.9518,8.09751,30.45088,28.90219,0,0,0,0,0,0,0,0,0,0,0,0,0,0,0,0,0,0,0,0
1724850173,,0,21.16049,8.118019,30.39579,28.72557,0,0,0,0,0,0,0,0,0,0,0,0,0,0,0,0,0,0,0,0
1724850174,,4.173491,21.07781,8.12861,30.42765,28.67472,0,0,0,0,0,0,0,0,0,0,0,0,0,0,0,0,0,0,0,0
1724850175,,0,21.12903,8.116276,30.37364,28.6496,0,0,0,0,0,0,0,0,0,0,0,0,0,0,0,0,0,0,0,0
1724850176,,0.772263,21.20586,7.989659,30.42264,28.63982,0,0,0,0,0,0,0,0,0,0,0,0,0,0,0,0,0,0,0,0
1724850177,,3.089051,21.07781,8.27315,30.71079,28.61137,0,0,0,0,0,0,0,0,0,0,0,0,0,0,0,0,0,0,0,0
1724850178,,0,21.0769,8.298811,30.55722,28.54023,0,0,0,0,0,0,0,0,0,0,0,0,0,0,0,0,0,0,0,0
1724850179,,3.946016,21.07554,8.117968,30.56044,28.57293,0,0,0,0,0,0,0,0,0,0,0,0,0,0,0,0,0,0,0,0
1724850180,,0.789203,20.89518,8.125437,30.58852,28.56524,0,0,0,0,0,0,0,0,0,0,0,0,0,0,0,0,0,0,0,0
1724850181,,0,21.01009,7.978079,30.63281,28.4011,0,0,0,0,0,0,0,0,0,0,0,0,0,0,0,0,0,0,0,0
1724850182,,3.754797,21.08669,7.999356,30.62785,28.43365,0,0,0,0,0,0,0,0,0,0,0,0,0,0,0,0,0,0,0,0
1724850183,,0,21.20692,8.084464,30.55953,28.36863,0,0,0,0,0,0,0,0,0,0,0,0,0,0,0,0,0,0,0,0
1724850184,,0.893563,21.03324,8.103662,30.62079,28.45399,0,0,0,0,0,0,0,0,0,0,0,0,0,0,0,0,0,0,0,0
1724850185,,4.467815,21.03324,8.095912,30.70462,28.3513,0,0,0,0,0,0,0,0,0,0,0,0,0,0,0,0,0,0,0,0
1724850186,,0,21.03384,8.068975,30.66773,28.69477,0,0,0,0,0,0,0,0,0,0,0,0,0,0,0,0,0,0,0,0
1724850187,,3.975964,20.91316,7.96123,30.65595,28.57029,0,0,0,0,0,0,0,0,0,0,0,0,0,0,0,0,0,0,0,0
1724850188,,0.795193,20.92409,8.081635,30.6432,28.30967,0,0,0,0,0,0,0,0,0,0,0,0,0,0,0,0,0,0,0,0
1724850189,,7.938018,20.96782,8.959601,30.74191,28.33143,0,0,0,0,0,0,0,0,0,0,0,0,0,0,0,0,0,0,0,0
1724850190,,0,21.08242,8.679299,30.7793,28.93664,0,0,0,0,0,0,0,0,0,0,0,0,0,0,0,0,0,0,0,0
1724850191,,1.032848,21.13591,8.258845,30.61922,28.56215,0,0,0,0,0,0,0,0,0,0,0,0,0,0,0,0,0,0,0,0
1724850192,,3.305115,21.34986,8.088681,30.69541,28.62904,0,0,0,0,0,0,0,0,0,0,0,0,0,0,0,0,0,0,0,0
1724850193,,0,21.1009,7.916942,30.69406,28.61008,0,0,0,0,0,0,0,0,0,0,0,0,0,0,0,0,0,0,0,0
1724850194,,4.345403,21.17213,8.004389,30.81959,28.59468,0,0,0,0,0,0,0,0,0,0,0,0,0,0,0,0,0,0,0,0
1724850195,,0,21.21962,8.091835,30.59302,28.99434,0,0,0,0,0,0,0,0,0,0,0,0,0,0,0,0,0,0,0,0
1724850196,,0.836157,21.20745,8.037539,30.84498,28.87112,0,0,0,0,0,0,0,0,0,0,0,0,0,0,0,0,0,0,0,0
1724850197,,4.180786,21.26557,8.078709,30.83172,28.98248,0,0,0,0,0,0,0,0,0,0,0,0,0,0,0,0,0,0,0,0
1724850198,,0,21.28494,8.00196,30.75273,28.98538,0,0,0,0,0,0,0,0,0,0,0,0,0,0,0,0,0,0,0,0
1724850199,,3.28308,21.17375,7.925211,30.6354,28.75353,0,0,0,0,0,0,0,0,0,0,0,0,0,0,0,0,0,0,0,0
1724850200,,0.82077,21.01493,8.104548,30.65883,28.81455,0,0,0,0,0,0,0,0,0,0,0,0,0,0,0,0,0,0,0,0
1724850201,,0,21.01005,8.125957,30.74296,28.84339,0,0,0,0,0,0,0,0,0,0,0,0,0,0,0,0,0,0,0,0
1724850202,,4.180063,21.14935,8.102404,30.66634,28.6685,0,0,0,0,0,0,0,0,0,0,0,0,0,0,0,0,0,0,0,0
1724850203,,0,21.09654,8.096515,30.61821,28.77613,0,0,0,0,0,0,0,0,0,0,0,0,0,0,0,0,0,0,0,0
1724850204,,3.057831,21.13475,8.119438,30.5097,28.99064,0,0,0,0,0,0,0,0,0,0,0,0,0,0,0,0,0,0,0,0
1724850205,,1.630843,21.2494,8.058242,31.04016,29.01789,0,0,0,0,0,0,0,0,0,0,0,0,0,0,0,0,0,0,0,0
1724850206,,0,21.29,8.033242,30.92081,29.33035,0,0,0,0,0,0,0,0,0,0,0,0,0,0,0,0,0,0,0,0
1724850207,,4.319384,21.16685,8.087786,31.16667,29.47247,0,0,0,0,0,0,0,0,0,0,0,0,0,0,0,0,0,0,0,0
1724850208,,0,20.98213,8.330964,31.42227,29.65242,0,0,0,0,0,0,0,0,0,0,0,0,0,0,0,0,0,0,0,0
1724850209,,3.383281,21.10928,8.015159,31.61605,29.91632,0,0,0,0,0,0,0,0,0,0,0,0,0,0,0,0,0,0,0,0
1724850210,,1.057275,20.993,8.066636,31.47415,29.73704,0,0,0,0,0,0,0,0,0,0,0,0,0,0,0,0,0,0,0,0
1724850211,,0,20.91548,8.04999,31.30238,29.82588,0,0,0,0,0,0,0,0,0,0,0,0,0,0,0,0,0,0,0,0
1724850212,,4.479382,20.94707,7.961443,31.30099,29.6088,0,0,0,0,0,0,0,0,0,0,0,0,0,0,0,0,0,0,0,0
1724850213,,0,21.11212,8.309511,30.80707,29.3228,0,0,0,0,0,0,0,0,0,0,0,0,0,0,0,0,0,0,0,0
1724850214,,4.05206,21.15338,8.009911,30.55621,28.9649,0,0,0,0,0,0,0,0,0,0,0,0,0,0,0,0,0,0,0,0
1724850215,,0.810412,21.13814,8.035394,30.18839,28.97713,0,0,0,0,0,0,0,0,0,0,0,0,0,0,0,0,0,0,0,0
1724850216,,0,21.04538,8.111844,30.28286,28.77681,0,0,0,0,0,0,0,0,0,0,0,0,0,0,0,0,0,0,0,0
1724850217,,4.275578,21.04538,8.140529,30.25688,28.86814,0,0,0,0,0,0,0,0,0,0,0,0,0,0,0,0,0,0,0,0
1724850218,,0,21.08477,8.080374,30.15238,28.81536,0,0,0,0,0,0,0,0,0,0,0,0,0,0,0,0,0,0,0,0
1724850219,,2.492545,21.06997,8.09554,30.1027,28.71877,0,0,0,0,0,0,0,0,0,0,0,0,0,0,0,0,0,0,0,0
1724850220,,2.077121,21.11147,8.118289,30.16071,28.81818,0,0,0,0,0,0,0,0,0,0,0,0,0,0,0,0,0,0,0,0
1724850221,,0,21.27748,8.058778,30.01462,28.78574,0,0,0,0,0,0,0,0,0,0,0,0,0,0,0,0,0,0,0,0
1724850222,,4.003094,21.05893,8.284667,30.33618,29.11381,0,0,0,0,0,0,0,0,0,0,0,0,0,0,0,0,0,0,0,0
1724850223,,0,21.14857,8.065153,30.38846,29.01613,0,0,0,0,0,0,0,0,0,0,0,0,0,0,0,0,0,0,0,0
1724850224,,1.570201,21.20833,7.918811,30.29373,28.70929,0,0,0,0,0,0,0,0,0,0,0,0,0,0,0,0,0,0,0,0
1724850225,,2.355302,21.18175,7.989826,30.33241,28.74181,0,0,0,0,0,0,0,0,0,0,0,0,0,0,0,0,0,0,0,0
1724850226,,0,21.09576,7.996162,30.22271,28.80867,0,0,0,0,0,0,0,0,0,0,0,0,0,0,0,0,0,0,0,0
1724850227,,3.856694,21.03844,7.990247,30.12901,28.8916,0,0,0,0,0,0,0,0,0,0,0,0,0,0,0,0,0,0,0,0
1724850228,,0.771339,20.93556,7.981374,30.30303,28.79603,0,0,0,0,0,0,0,0,0,0,0,0,0,0,0,0,0,0,0,0
1724850229,,0,21.08558,7.937299,30.32416,28.57062,0,0,0,0,0,0,0,0,0,0,0,0,0,0,0,0,0,0,0,0
1724850230,,3.896833,21.12309,7.941991,30.47147,28.70634,0,0,0,0,0,0,0,0,0,0,0,0,0,0,0,0,0,0,0,0
1724850231,,0,21.1147,7.965406,30.3247,28.75634,0,0,0,0,0,0,0,0,0,0,0,0,0,0,0,0,0,0,0,0
1724850232,,0.783213,21.04399,8.000528,30.34246,28.90793,0,0,0,0,0,0,0,0,0,0,0,0,0,0,0,0,0,0,0,0
1724850233,,3.916062,21.03708,8.039102,30.42179,28.6882,0,0,0,0,0,0,0,0,0,0,0,0,0,0,0,0,0,0,0,0
1724850234,,0,21.00942,8.040919,30.43876,28.7993,0,0,0,0,0,0,0,0,0,0,0,0,0,0,0,0,0,0,0,0
1724850235,,4.23071,21.06371,8.063517,30.49683,28.72453,0,0,0,0,0,0,0,0,0,0,0,0,0,0,0,0,0,0,0,0
1724850236,,0.846142,21.12001,8.097412,30.75365,28.66309,0,0,0,0,0,0,0,0,0,0,0,0,0,0,0,0,0,0,0,0
1724850237,,0,21.20445,7.969865,30.4328,28.50805,0,0,0,0,0,0,0,0,0,0,0,0,0,0,0,0,0,0,0,0
1724850238,,4.168823,21.04304,8.112733,30.70469,28.48909,0,0,0,0,0,0,0,0,0,0,0,0,0,0,0,0,0,0,0,0
1724850239,,0,20.97221,8.069935,30.61785,28.72223,0,0,0,0,0,0,0,0,0,0,0,0,0,0,0,0,0,0,0,0
1724850240,,0.798257,20.86596,8.027137,30.65974,28.48941,0,0,0,0,0,0,0,0,0,0,0,0,0,0,0,0,0,0,0,0
1724850241,,3.991287,21.02501,7.935316,30.48397,28.70643,0,0,0,0,0,0,0,0,0,0,0,0,0,0,0,0,0,0,0,0
1724850242,,0,20.96876,7.963678,30.55403,28.44221,0,0,0,0,0,0,0,0,0,0,0,0,0,0,0,0,0,0,0,0
1724850243,,1.959615,20.93126,7.987504,30.58263,28.71532,0,0,0,0,0,0,0,0,0,0,0,0,0,0,0,0,0,0,0,0
1724850244,,2.351537,21.07624,8.011331,30.48089,28.4135,0,0,0,0,0,0,0,0,0,0,0,0,0,0,0,0,0,0,0,0
1724850245,,0,20.90365,8.029456,30.49121,28.34697,0,0,0,0,0,0,0,0,0,0,0,0,0,0,0,0,0,0,0,0
1724850246,,4.507127,20.90365,7.909956,30.71774,28.48648,0,0,0,0,0,0,0,0,0,0,0,0,0,0,0,0,0,0,0,0
1724850247,,0,21.03792,7.983158,30.55676,28.69314,0,0,0,0,0,0,0,0,0,0,0,0,0,0,0,0,0,0,0,0
1724850248,,0,21.0591,8.03196,30.58773,28.60927,0,0,0,0,0,0,0,0,0,0,0,0,0,0,0,0,0,0,0,0
1724850249,,3.792971,21.03228,8.062773,30.68248,28.58021,0,0,0,0,0,0,0,0,0,0,0,0,0,0,0,0,0,0,0,0
1724850250,,0,20.925,7.917859,30.79813,28.78463,0,0,0,0,0,0,0,0,0,0,0,0,0,0,0,0,0,0,0,0
1724850251,,2.520366,20.97928,7.996631,30.59831,28.86981,0,0,0,0,0,0,0,0,0,0,0,0,0,0,0,0,0,0,0,0
1724850252,,1.680244,20.98997,8.049146,30.44507,28.6625,0,0,0,0,0,0,0,0,0,0,0,0,0,0,0,0,0,0,0,0
1724850253,,0,21.03272,8.055601,30.62625,28.57462,0,0,0,0,0,0,0,0,0,0,0,0,0,0,0,0,0,0,0,0
1724850254,,4.619363,21.00337,8.197452,30.64839,28.56589,0,0,0,0,0,0,0,0,0,0,0,0,0,0,0,0,0,0,0,0
1724850255,,0,21.01639,8.128586,30.54457,28.70397,0,0,0,0,0,0,0,0,0,0,0,0,0,0,0,0,0,0,0,0
1724850256,,0.843833,21.03592,8.082675,30.93461,29.16073,0,0,0,0,0,0,0,0,0,0,0,0,0,0,0,0,0,0,0,0
1724850257,,4.219162,21.17383,8.166965,30.67147,28.63967,0,0,0,0,0,0,0,0,0,0,0,0,0,0,0,0,0,0,0,0
1724850258,,0,21.12693,8.010921,30.58809,28.73886,0,0,0,0,0,0,0,0,0,0,0,0,0,0,0,0,0,0,0,0
1724850259,,0.745395,21.11129,8.182608,30.65608,28.82746,0,0,0,0,0,0,0,0,0,0,0,0,0,0,0,0,0,0,0,0
1724850260,,2.981581,20.98627,8.225528,30.49556,28.76492,0,0,0,0,0,0,0,0,0,0,0,0,0,0,0,0,0,0,0,0
1724850261,,0,21.16011,8.064211,30.62552,28.77615,0,0,0,0,0,0,0,0,0,0,0,0,0,0,0,0,0,0,0,0
1724850262,,3.959012,21.20357,8.109538,30.5808,28.7745,0,0,0,0,0,0,0,0,0,0,0,0,0,0,0,0,0,0,0,0
1724850263,,0.791802,20.98592,7.992345,30.58026,28.81868,0,0,0,0,0,0,0,0,0,0,0,0,0,0,0,0,0,0,0,0
1724850264,,0,21.06554,7.946365,30.42594,28.79301,0,0,0,0,0,0,0,0,0,0,0,0,0,0,0,0,0,0,0,0
1724850265,,3.869732,21.06554,7.879634,30.57552,28.61744,0,0,0,0,0,0,0,0,0,0,0,0,0,0,0,0,0,0,0,0
1724850266,,0,20.93401,8.033169,30.62936,28.93497,0,0,0,0,0,0,0,0,0,0,0,0,0,0,0,0,0,0,0,0
1724850267,,0.779076,20.90614,8.042181,30.74038,28.99691,0,0,0,0,0,0,0,0,0,0,0,0,0,0,0,0,0,0,0,0
1724850268,,3.895381,20.91622,8.034474,31.03584,29.22398,0,0,0,0,0,0,0,0,0,0,0,0,0,0,0,0,0,0,0,0
1724850269,,0,20.95654,7.994628,31.31064,29.50526,0,0,0,0,0,0,0,0,0,0,0,0,0,0,0,0,0,0,0,0
1724850270,,4.43471,21.09297,7.881532,31.44804,29.63942,0,0,0,0,0,0,0,0,0,0,0,0,0,0,0,0,0,0,0,0
1724850271,,0,21.11503,8.01375,31.26657,29.74627,0,0,0,0,0,0,0,0,0,0,0,0,0,0,0,0,0,0,0,0
1724850272,,0,21.14812,8.040239,31.52282,29.8257,0,0,0,0,0,0,0,0,0,0,0,0,0,0,0,0,0,0,0,0
1724850273,,3.917608,21.02206,8.146198,31.37478,29.68115,0,0,0,0,0,0,0,0,0,0,0,0,0,0,0,0,0,0,0,0
1724850274,,0,21.13985,8.126848,31.18409,29.63615,0,0,0,0,0,0,0,0,0,0,0,0,0,0,0,0,0,0,0,0
1724850275,,1.49682,21.21838,7.989742,31.15664,29.43417,0,0,0,0,0,0,0,0,0,0,0,0,0,0,0,0,0,0,0,0
1724850276,,2.806537,20.78014,7.986074,30.87876,29.02933,0,0,0,0,0,0,0,0,0,0,0,0,0,0,0,0,0,0,0,0
1724850277,,0,21.05478,7.971402,30.49248,28.80552,0,0,0,0,0,0,0,0,0,0,0,0,0,0,0,0,0,0,0,0
1724850278,,4.890515,21.12344,8.036546,30.27192,28.65928,0,0,0,0,0,0,0,0,0,0,0,0,0,0,0,0,0,0,0,0
1724850279,,0,20.99732,8.04565,30.55713,28.63645,0,0,0,0,0,0,0,0,0,0,0,0,0,0,0,0,0,0,0,0
1724850280,,0,21.20243,8.112535,30.19603,28.71614,0,0,0,0,0,0,0,0,0,0,0,0,0,0,0,0,0,0,0,0
1724850281,,3.74746,21.20243,8.212863,30.48849,28.81834,0,0,0,0,0,0,0,0,0,0,0,0,0,0,0,0,0,0,0,0
1724850282,,0,20.99516,8.052889,30.28157,28.75849,0,0,0,0,0,0,0,0,0,0,0,0,0,0,0,0,0,0,0,0
1724850283,,4.714624,20.93977,8.081635,30.41314,28.92595,0,0,0,0,0,0,0,0,0,0,0,0,0,0,0,0,0,0,0,0
1724850284,,0.942925,20.93431,8.089781,30.71701,28.8273,0,0,0,0,0,0,0,0,0,0,0,0,0,0,0,0,0,0,0,0
1724850285,,0,20.91248,8.099833,30.65937,28.93296,0,0,0,0,0,0,0,0,0,0,0,0,0,0,0,0,0,0,0,0
1724850286,,3.998141,20.90177,8.118314,30.44074,28.83957,0,0,0,0,0,0,0,0,0,0,0,0,0,0,0,0,0,0,0,0
1724850287,,0,20.88694,7.957287,30.41259,28.97763,0,0,0,0,0,0,0,0,0,0,0,0,0,0,0,0,0,0,0,0
1724850288,,3.448749,20.82764,7.962687,30.4523,28.75486,0,0,0,0,0,0,0,0,0,0,0,0,0,0,0,0,0,0,0,0
1724850289,,0.862187,21.12799,7.975301,30.55731,29.05777,0,0,0,0,0,0,0,0,0,0,0,0,0,0,0,0,0,0,0,0
1724850290,,0,21.13271,8.018557,30.65205,28.71614,0,0,0,0,0,0,0,0,0,0,0,0,0,0,0,0,0,0,0,0
1724850291,,3.828965,21.13586,8.025229,30.53276,28.89244,0,0,0,0,0,0,0,0,0,0,0,0,0,0,0,0,0,0,0,0
1724850292,,0,20.96153,8.038315,30.39944,28.73754,0,0,0,0,0,0,0,0,0,0,0,0,0,0,0,0,0,0,0,0
1724850293,,0,20.93181,8.027892,30.65901,28.61645,0,0,0,0,0,0,0,0,0,0,0,0,0,0,0,0,0,0,0,0
1724850294,,4.068555,20.92191,7.973118,30.59247,28.79583,0,0,0,0,0,0,0,0,0,0,0,0,0,0,0,0,0,0,0,0
1724850295,,0,21.12912,8.058424,30.6515,28.60388,0,0,0,0,0,0,0,0,0,0,0,0,0,0,0,0,0,0,0,0
1724850296,,1.53165,21.15288,8.060558,30.51823,28.54344,0,0,0,0,0,0,0,0,0,0,0,0,0,0,0,0,0,0,0,0
1724850297,,2.871843,21.15882,8.162883,30.77652,28.43923,0,0,0,0,0,0,0,0,0,0,0,0,0,0,0,0,0,0,0,0
1724850298,,0,21.14085,8.570051,30.85833,28.48251,0,0,0,0,0,0,0,0,0,0,0,0,0,0,0,0,0,0,0,0
1724850299,,4.110703,21.0578,7.978007,30.56495,28.40014,0,0,0,0,0,0,0,0,0,0,0,0,0,0,0,0,0,0,0,0
1724850300,,0,21.0578,8.116254,30.63759,28.535,0,0,0,0,0,0,0,0,0,0,0,0,0,0,0,0,0,0,0,0
1724850301,,0,20.9873,8.085459,30.65571,28.57827,0,0,0,0,0,0,0,0,0,0,0,0,0,0,0,0,0,0,0,0
1724850302,,3.863911,20.91419,7.889389,30.80775,28.42621,0,0,0,0,0,0,0,0,0,0,0,0,0,0,0,0,0,0,0,0
1724850303,,0,21.06491,7.939426,30.74572,28.39707,0,0,0,0,0,0,0,0,0,0,0,0,0,0,0,0,0,0,0,0
1724850304,,2.464971,21.29098,7.923254,30.69257,28.36674,0,0,0,0,0,0,0,0,0,0,0,0,0,0,0,0,0,0,0,0
1724850305,,2.054142,21.24789,7.91921,30.45339,28.42849,0,0,0,0,0,0,0,0,0,0,0,0,0,0,0,0,0,0,0,0
1724850306,,0,21.09417,8.02355,30.70584,28.64393,0,0,0,0,0,0,0,0,0,0,0,0,0,0,0,0,0,0,0,0
1724850307,,4.211667,20.94045,8.109476,30.50082,28.66867,0,0,0,0,0,0,0,0,0,0,0,0,0,0,0,0,0,0,0,0
1724850308,,0,20.90605,7.986766,30.53349,28.64295,0,0,0,0,0,0,0,0,0,0,0,0,0,0,0,0,0,0,0,0
1724850309,,0,20.94797,7.946149,30.66281,28.64049,0,0,0,0,0,0,0,0,0,0,0,0,0,0,0,0,0,0,0,0
1724850310,,4.059103,20.97592,7.906392,30.67349,28.58936,0,0,0,0,0,0,0,0,0,0,0,0,0,0,0,0,0,0,0,0
1724850311,,0,20.91805,8.013979,30.53608,28.88162,0,0,0,0,0,0,0,0,0,0,0,0,0,0,0,0,0,0,0,0
1724850312,,1.578934,20.9814,8.071308,30.44802,28.38213,0,0,0,0,0,0,0,0,0,0,0,0,0,0,0,0,0,0,0,0
1724850313,,3.157867,20.99723,8.054314,30.57229,28.59539,0,0,0,0,0,0,0,0,0,0,0,0,0,0,0,0,0,0,0,0
1724850314,,4.876349,20.81659,7.929005,30.70113,28.5742,0,0,0,0,0,0,0,0,0,0,0,0,0,0,0,0,0,0,0,0
1724850315,,4.876349,20.93581,7.898759,30.73063,28.90477,0,0,0,0,0,0,0,0,0,0,0,0,0,0,0,0,0,0,0,0
1724850316,,0,20.93581,8.108132,30.74816,28.99741,0,0,0,0,0,0,0,0,0,0,0,0,0,0,0,0,0,0,0,0
1724850317,,3.995075,20.91788,8.091105,30.61573,28.93664,0,0,0,0,0,0,0,0,0,0,0,0,0,0,0,0,0,0,0,0
1724850318,,0,20.93977,8.022995,30.53058,28.7565,0,0,0,0,0,0,0,0,0,0,0,0,0,0,0,0,0,0,0,0
1724850319,,1.721719,20.95474,8.038132,30.56998,28.63362,0,0,0,0,0,0,0,0,0,0,0,0,0,0,0,0,0,0,0,0
1724850320,,3.228223,20.97721,8.133193,30.69963,28.92402,0,0,0,0,0,0,0,0,0,0,0,0,0,0,0,0,0,0,0,0
1724850321,,0,21.05224,8.131741,30.6199,29.01427,0,0,0,0,0,0,0,0,0,0,0,0,0,0,0,0,0,0,0,0
1724850322,,4.02224,20.99675,8.125932,30.57847,28.90027,0,0,0,0,0,0,0,0,0,0,0,0,0,0,0,0,0,0,0,0
1724850323,,0,20.91351,7.912561,30.39227,28.81931,0,0,0,0,0,0,0,0,0,0,0,0,0,0,0,0,0,0,0,0
1724850324,,0,20.99318,8.015942,30.34212,28.80322,0,0,0,0,0,0,0,0,0,0,0,0,0,0,0,0,0,0,0,0
1724850325,,3.981468,21.08714,7.995317,30.45622,28.82535,0,0,0,0,0,0,0,0,0,0,0,0,0,0,0,0,0,0,0,0
1724850326,,0,21.14979,7.91282,30.59077,28.9468,0,0,0,0,0,0,0,0,0,0,0,0,0,0,0,0,0,0,0,0
1724850327,,2.419134,21.25577,8.060969,30.57612,28.89177,0,0,0,0,0,0,0,0,0,0,0,0,0,0,0,0,0,0,0,0
1724850328,,2.015945,21.18887,8.138964,30.43915,28.91311,0,0,0,0,0,0,0,0,0,0,0,0,0,0,0,0,0,0,0,0
1724850329,,0,21.18887,8.115398,30.35413,28.82348,0,0,0,0,0,0,0,0,0,0,0,0,0,0,0,0,0,0,0,0
1724850330,,4.109173,20.97747,8.044703,30.57666,28.91294,0,0,0,0,0,0,0,0,0,0,0,0,0,0,0,0,0,0,0,0
1724850331,,0,21.05111,8.199254,30.82992,29.18212,0,0,0,0,0,0,0,0,0,0,0,0,0,0,0,0,0,0,0,0
1724850332,,1.019427,21.06768,8.085897,30.95521,29.33722,0,0,0,0,0,0,0,0,0,0,0,0,0,0,0,0,0,0,0,0
1724850333,,3.262167,21.13394,8.098214,31.17682,29.562,0,0,0,0,0,0,0,0,0,0,0,0,0,0,0,0,0,0,0,0
1724850334,,0,21.05293,8.135165,31.42386,29.88385,0,0,0,0,0,0,0,0,0,0,0,0,0,0,0,0,0,0,0,0
1724850335,,4.322428,21.03793,8.029758,31.33426,29.81896,0,0,0,0,0,0,0,0,0,0,0,0,0,0,0,0,0,0,0,0
1724850336,,0,20.9779,8.041101,31.33562,29.78104,0,0,0,0,0,0,0,0,0,0,0,0,0,0,0,0,0,0,0,0
1724850337,,6.378707,21.2034,8.026653,31.23766,29.63646,0,0,0,0,0,0,0,0,0,0,0,0,0,0,0,0,0,0,0,0
1724850338,,0,21.08007,8.004983,31.20758,29.61195,0,0,0,0,0,0,0,0,0,0,0,0,0,0,0,0,0,0,0,0
1724850339,,0.836796,20.89509,8.043684,30.93488,29.29966,0,0,0,0,0,0,0,0,0,0,0,0,0,0,0,0,0,0,0,0
1724850340,,4.183979,21.193,8.055248,30.65165,28.73557,0,0,0,0,0,0,0,0,0,0,0,0,0,0,0,0,0,0,0,0
1724850341,,0,21.05311,8.095769,30.75351,28.63051,0,0,0,0,0,0,0,0,0,0,0,0,0,0,0,0,0,0,0,0
1724850342,,4.552386,21.00648,8.156549,30.60695,28.85053,0,0,0,0,0,0,0,0,0,0,0,0,0,0,0,0,0,0,0,0
1724850343,,0,20.9292,8.10307,30.71008,28.96758,0,0,0,0,0,0,0,0,0,0,0,0,0,0,0,0,0,0,0,0
1724850344,,0,21.16951,8.078918,30.71912,28.62266,0,0,0,0,0,0,0,0,0,0,0,0,0,0,0,0,0,0,0,0
1724850345,,4.025578,21.22959,8.087286,30.71168,28.78756,0,0,0,0,0,0,0,0,0,0,0,0,0,0,0,0,0,0,0,0
1724850346,,0,21.05519,8.092866,30.66504,28.83116,0,0,0,0,0,0,0,0,0,0,0,0,0,0,0,0,0,0,0,0
1724850347,,4.52144,21.10649,8.102922,30.74194,28.79932,0,0,0,0,0,0,0,0,0,0,0,0,0,0,0,0,0,0,0,0
1724850348,,0.904288,21.10649,8.133776,30.70205,28.62743,0,0,0,0,0,0,0,0,0,0,0,0,0,0,0,0,0,0,0,0
1724850349,,0,21.24426,8.010135,30.82627,28.6566,0,0,0,0,0,0,0,0,0,0,0,0,0,0,0,0,0,0,0,0
1724850350,,4.065028,21.18227,7.927708,30.75771,28.7477,0,0,0,0,0,0,0,0,0,0,0,0,0,0,0,0,0,0,0,0
1724850351,,0,21.2205,8.092657,30.66935,28.66443,0,0,0,0,0,0,0,0,0,0,0,0,0,0,0,0,0,0,0,0
1724850352,,1.650311,21.27784,8.005571,30.67878,28.53431,0,0,0,0,0,0,0,0,0,0,0,0,0,0,0,0,0,0,0,0
1724850353,,3.094333,20.93238,7.948131,30.75052,28.55159,0,0,0,0,0,0,0,0,0,0,0,0,0,0,0,0,0,0,0,0
1724850354,,0,20.85499,7.861969,30.82396,28.6472,0,0,0,0,0,0,0,0,0,0,0,0,0,0,0,0,0,0,0,0
1724850355,,3.871454,20.7776,7.986058,30.77877,28.56752,0,0,0,0,0,0,0,0,0,0,0,0,0,0,0,0,0,0,0,0
1724850356,,0.774291,21.16523,8.090988,30.75688,28.39435,0,0,0,0,0,0,0,0,0,0,0,0,0,0,0,0,0,0,0,0
1724850357,,0,21.08921,8.096502,30.82802,28.65294,0,0,0,0,0,0,0,0,0,0,0,0,0,0,0,0,0,0,0,0
1724850358,,4.260479,21.03853,8.100179,30.88222,28.50237,0,0,0,0,0,0,0,0,0,0,0,0,0,0,0,0,0,0,0,0
1724850359,,0,21.12178,8.050822,30.78569,28.3757,0,0,0,0,0,0,0,0,0,0,0,0,0,0,0,0,0,0,0,0
1724850360,,1.596901,21.17999,7.974954,30.76673,28.29688,0,0,0,0,0,0,0,0,0,0,0,0,0,0,0,0,0,0,0,0
1724850361,,3.992253,21.17999,8.412388,30.76061,28.82895,0,0,0,0,0,0,0,0,0,0,0,0,0,0,0,0,0,0,0,0
1724850362,,12.53941,21.13131,8.569191,30.6735,28.74249,0,0,0,0,0,0,0,0,0,0,0,0,0,0,0,0,0,0,0,0
1724850363,,5.597822,20.95938,8.613159,30.66784,28.47954,0,0,0,0,0,0,0,0,0,0,0,0,0,0,0,0,0,0,0,0
1724850364,,2.059959,20.97042,8.004514,30.71429,28.61074,0,0,0,0,0,0,0,0,0,0,0,0,0,0,0,0,0,0,0,0
1724850365,,0,21.01462,8.069933,30.68426,28.52703,0,0,0,0,0,0,0,0,0,0,0,0,0,0,0,0,0,0,0,0
1724850366,,3.882255,20.96894,8.052575,30.65384,28.71301,0,0,0,0,0,0,0,0,0,0,0,0,0,0,0,0,0,0,0,0
1724850367,,0,20.97877,7.983142,30.66185,28.56068,0,0,0,0,0,0,0,0,0,0,0,0,0,0,0,0,0,0,0,0
1724850368,,0,20.99352,7.950265,30.63753,28.79468,0,0,0,0,0,0,0,0,0,0,0,0,0,0,0,0,0,0,0,0
1724850369,,4.140496,20.99292,8.33388,30.58784,28.78931,0,0,0,0,0,0,0,0,0,0,0,0,0,0,0,0,0,0,0,0
1724850370,,0,20.97974,8.266387,30.59434,28.72038,0,0,0,0,0,0,0,0,0,0,0,0,0,0,0,0,0,0,0,0
1724850371,,2.465553,20.95998,7.996414,30.49869,28.83061,0,0,0,0,0,0,0,0,0,0,0,0,0,0,0,0,0,0,0,0
1724850372,,1.643702,20.98075,7.938375,30.52298,28.79075,0,0,0,0,0,0,0,0,0,0,0,0,0,0,0,0,0,0,0,0
1724850373,,0,21.03971,7.949175,30.59866,28.64556,0,0,0,0,0,0,0,0,0,0,0,0,0,0,0,0,0,0,0,0
1724850374,,4.556421,21.07903,7.990136,30.47493,28.71858,0,0,0,0,0,0,0,0,0,0,0,0,0,0,0,0,0,0,0,0
1724850375,,3.645137,21.03142,8.113016,30.46871,28.68608,0,0,0,0,0,0,0,0,0,0,0,0,0,0,0,0,0,0,0,0
1724850376,,4.75161,21.10876,7.991921,30.52971,28.83045,0,0,0,0,0,0,0,0,0,0,0,0,0,0,0,0,0,0,0,0
1724850377,,0,21.10876,8.210019,30.46771,28.68508,0,0,0,0,0,0,0,0,0,0,0,0,0,0,0,0,0,0,0,0
1724850379,,1.921439,21.21521,8.139522,30.28151,28.56654,0,0,0,0,0,0,0,0,0,0,0,0,0,0,0,0,0,0,0,0
1724850380,,2.305727,20.7942,7.928027,30.36895,28.61204,0,0,0,0,0,0,0,0,0,0,0,0,0,0,0,0,0,0,0,0
1724850381,,0,20.81559,7.89746,30.38032,28.91778,0,0,0,0,0,0,0,0,0,0,0,0,0,0,0,0,0,0,0,0
1724850382,,3.993256,20.90117,8.104154,30.51268,28.79765,0,0,0,0,0,0,0,0,0,0,0,0,0,0,0,0,0,0,0,0
1724850383,,0,21.32131,8.100316,30.29836,29.03538,0,0,0,0,0,0,0,0,0,0,0,0,0,0,0,0,0,0,0,0
1724850384,,0,21.29966,8.094561,30.22787,28.96423,0,0,0,0,0,0,0,0,0,0,0,0,0,0,0,0,0,0,0,0
1724850385,,3.747455,21.27802,7.980992,30.17657,29.01303,0,0,0,0,0,0,0,0,0,0,0,0,0,0,0,0,0,0,0,0
1724850386,,0,21.13568,8.037902,30.35945,28.75584,0,0,0,0,0,0,0,0,0,0,0,0,0,0,0,0,0,0,0,0
1724850387,,0,21.13936,7.991621,30.49028,28.76921,0,0,0,0,0,0,0,0,0,0,0,0,0,0,0,0,0,0,0,0
1724850388,,4.25051,21.14182,7.922198,30.39389,29.06805,0,0,0,0,0,0,0,0,0,0,0,0,0,0,0,0,0,0,0,0
1724850389,,0,20.98549,8.072596,30.21682,28.93965,0,0,0,0,0,0,0,0,0,0,0,0,0,0,0,0,0,0,0,0
1724850390,,0.732035,21.18422,7.976814,30.34192,28.71894,0,0,0,0,0,0,0,0,0,0,0,0,0,0,0,0,0,0,0,0
1724850391,,3.660177,21.25046,7.976795,30.25658,28.79301,0,0,0,0,0,0,0,0,0,0,0,0,0,0,0,0,0,0,0,0
1724850392,,0,21.33352,7.976767,30.2923,28.9313,0,0,0,0,0,0,0,0,0,0,0,0,0,0,0,0,0,0,0,0
1724850393,,7.219353,21.0618,8.573495,30.34863,28.79609,0,0,0,0,0,0,0,0,0,0,0,0,0,0,0,0,0,0,0,0
1724850394,,0,21.07507,8.065553,30.48306,29.05568,0,0,0,0,0,0,0,0,0,0,0,0,0,0,0,0,0,0,0,0
1724850395,,1.50326,21.12816,8.045723,30.63137,29.09215,0,0,0,0,0,0,0,0,0,0,0,0,0,0,0,0,0,0,0,0
1724850396,,2.25489,21.05354,8.032503,30.88859,29.42624,0,0,0,0,0,0,0,0,0,0,0,0,0,0,0,0,0,0,0,0
1724850397,,0,21.04959,8.122541,31.0809,29.69983,0,0,0,0,0,0,0,0,0,0,0,0,0,0,0,0,0,0,0,0
1724850398,,4.213654,21.03775,8.053193,31.41357,29.83213,0,0,0,0,0,0,0,0,0,0,0,0,0,0,0,0,0,0,0,0
1724850399,,0,21.08678,7.985727,31.6553,29.83546,0,0,0,0,0,0,0,0,0,0,0,0,0,0,0,0,0,0,0,0
1724850400,,0,21.06925,7.940749,31.63266,29.78858,0,0,0,0,0,0,0,0,0,0,0,0,0,0,0,0,0,0,0,0
1724850401,,3.732522,21.04295,7.911669,31.60047,29.71038,0,0,0,0,0,0,0,0,0,0,0,0,0,0,0,0,0,0,0,0
1724850402,,0,21.05476,8.077168,31.44441,29.59428,0,0,0,0,0,0,0,0,0,0,0,0,0,0,0,0,0,0,0,0
1724850403,,1.809699,20.9759,8.301362,31.17799,29.44805,0,0,0,0,0,0,0,0,0,0,0,0,0,0,0,0,0,0,0,0
